state,name,e(0)
AK,Aleutians East Borough,86.9
AK,Aleutians West Census Area,77.75
AK,Anchorage Municipality,78.03469387755102
AK,Bethel Census Area,78.73333333333333
AK,Bristol Bay Borough,79.9
AK,Dillingham Census Area,83.25
AK,Fairbanks North Star Borough,78.10624999999999
AK,Haines Borough,82.6
AK,Hoonah-Angoon Census Area,79.3
AK,Juneau City and Borough,81.16666666666666
AK,Kenai Peninsula Borough,80.16666666666667
AK,Ketchikan Gateway Borough,79.85
AK,Kodiak Island Borough,80.39999999999999
AK,Lake and Peninsula Borough,77.0
AK,Matanuska-Susitna Borough,78.98695652173912
AK,Nome Census Area,82.2
AK,North Slope Borough,78.55000000000001
AK,Northwest Arctic Borough,77.5
AK,Petersburg Borough,84.6
AK,Prince of Wales-Hyder Census Area,77.86666666666667
AK,Sitka City and Borough,79.0
AK,Skagway Municipality,80.8
AK,Southeast Fairbanks Census Area,77.85
AK,Valdez-Cordova Census Area,80.96666666666667
AK,Wrangell City and Borough,78.7
AK,Yukon-Koyukuk Census Area,76.275
AL,Autauga County,75.32000000000001
AL,Baldwin County,77.48275862068964
AL,Barbour County,73.97142857142856
AL,Bibb County,73.55
AL,Blount County,76.07777777777777
AL,Bullock County,77.60000000000001
AL,Butler County,73.3875
AL,Calhoun County,73.13600000000001
AL,Chambers County,73.6111111111111
AL,Cherokee County,74.08333333333333
AL,Chilton County,73.92222222222223
AL,Choctaw County,74.7
AL,Clarke County,74.38750000000002
AL,Clay County,74.6
AL,Cleburne County,73.3
AL,Coffee County,76.5357142857143
AL,Colbert County,73.62857142857145
AL,Conecuh County,73.46000000000001
AL,Coosa County,77.89999999999999
AL,Covington County,74.93076923076923
AL,Crenshaw County,74.51666666666667
AL,Cullman County,75.15000000000002
AL,Dale County,76.45384615384616
AL,Dallas County,72.47333333333334
AL,DeKalb County,75.02142857142856
AL,Elmore County,75.49230769230768
AL,Escambia County,73.525
AL,Etowah County,72.52142857142857
AL,Fayette County,73.42
AL,Franklin County,73.36666666666667
AL,Geneva County,74.81666666666666
AL,Greene County,75.45
AL,Hale County,75.48333333333333
AL,Henry County,75.81666666666666
AL,Houston County,75.9681818181818
AL,Jackson County,73.57272727272726
AL,Jefferson County,74.16369426751592
AL,Lamar County,74.86666666666667
AL,Lauderdale County,74.65454545454546
AL,Lawrence County,73.74285714285715
AL,Lee County,77.54782608695652
AL,Limestone County,75.98125000000002
AL,Lowndes County,73.7
AL,Macon County,73.07272727272726
AL,Madison County,76.79852941176472
AL,Marengo County,75.2
AL,Marion County,74.35714285714286
AL,Marshall County,74.83333333333336
AL,Mobile County,74.15961538461536
AL,Monroe County,75.04285714285713
AL,Montgomery County,74.52037037037037
AL,Morgan County,75.64999999999999
AL,Perry County,73.9
AL,Pickens County,74.32
AL,Pike County,75.42857142857143
AL,Randolph County,74.45
AL,Russell County,72.80000000000001
AL,Shelby County,78.35555555555557
AL,St. Clair County,74.70833333333333
AL,Sumter County,75.875
AL,Talladega County,72.72272727272728
AL,Tallapoosa County,74.71000000000001
AL,Tuscaloosa County,75.02142857142857
AL,Walker County,71.43888888888888
AL,Washington County,74.875
AL,Wilcox County,74.25
AL,Winston County,74.98333333333333
AR,Arkansas County,74.72500000000001
AR,Ashley County,76.23333333333333
AR,Baxter County,75.2625
AR,Benton County,78.14042553191489
AR,Boone County,76.48571428571428
AR,Bradley County,73.32000000000001
AR,Calhoun County,74.6
AR,Carroll County,76.96000000000001
AR,Chicot County,74.44999999999999
AR,Clark County,74.97999999999999
AR,Clay County,73.66666666666667
AR,Cleburne County,76.71428571428571
AR,Cleveland County,76.75
AR,Columbia County,77.14000000000001
AR,Conway County,75.05
AR,Craighead County,75.78235294117648
AR,Crawford County,75.52727272727273
AR,Crittenden County,73.30625
AR,Cross County,73.8
AR,Dallas County,74.2
AR,Desha County,75.08000000000001
AR,Drew County,75.56
AR,Faulkner County,76.0086956521739
AR,Franklin County,74.7
AR,Fulton County,76.6
AR,Garland County,74.28421052631579
AR,Grant County,75.625
AR,Greene County,75.60000000000001
AR,Hempstead County,76.72
AR,Hot Spring County,73.41428571428571
AR,Howard County,74.53333333333333
AR,Independence County,76.55714285714285
AR,Izard County,78.44999999999999
AR,Jackson County,74.42
AR,Jefferson County,73.21739130434784
AR,Johnson County,77.31666666666666
AR,Lafayette County,73.55
AR,Lawrence County,76.95
AR,Lee County,73.475
AR,Lincoln County,76.025
AR,Little River County,75.6
AR,Logan County,75.88333333333333
AR,Lonoke County,74.99999999999999
AR,Madison County,75.5
AR,Marion County,75.475
AR,Miller County,73.22727272727273
AR,Mississippi County,74.35833333333333
AR,Monroe County,76.3
AR,Montgomery County,77.0
AR,Nevada County,74.33333333333333
AR,Newton County,82.19999999999999
AR,Ouachita County,75.45
AR,Perry County,75.83333333333333
AR,Phillips County,72.38333333333333
AR,Pike County,74.8
AR,Poinsett County,72.45714285714287
AR,Polk County,75.8
AR,Pope County,76.46363636363637
AR,Prairie County,78.16666666666667
AR,Pulaski County,75.63522727272728
AR,Randolph County,75.25
AR,Saline County,76.67999999999998
AR,Scott County,75.80000000000001
AR,Searcy County,75.60000000000001
AR,Sebastian County,75.7
AR,Sevier County,75.275
AR,Sharp County,74.9
AR,St. Francis County,75.21666666666667
AR,Stone County,73.56666666666668
AR,Union County,74.11
AR,Van Buren County,77.06
AR,Washington County,77.92000000000002
AR,White County,75.60000000000001
AR,Woodruff County,78.6
AR,Yell County,75.88
AZ,Apache County,75.74374999999999
AZ,Cochise County,78.1642857142857
AZ,Coconino County,78.92399999999999
AZ,Gila County,78.5076923076923
AZ,Graham County,78.25555555555556
AZ,Greenlee County,82.69999999999999
AZ,La Paz County,76.72857142857143
AZ,Maricopa County,78.58918205804753
AZ,Mohave County,75.09729729729727
AZ,Navajo County,76.65862068965515
AZ,Pima County,78.30590909090911
AZ,Pinal County,78.60322580645162
AZ,Santa Cruz County,81.5
AZ,Yavapai County,78.81578947368422
AZ,Yuma County,78.11521739130436
CA,Alameda County,80.84585798816569
CA,Alpine County,80.4
CA,Amador County,79.19999999999999
CA,Butte County,77.70204081632654
CA,Calaveras County,80.83333333333333
CA,Colusa County,80.22
CA,Contra Costa County,80.81333333333333
CA,Del Norte County,76.48571428571428
CA,El Dorado County,80.75945945945946
CA,Fresno County,78.38848167539267
CA,Glenn County,80.95
CA,Humboldt County,78.19999999999997
CA,Imperial County,80.02413793103447
CA,Inyo County,80.76666666666667
CA,Kern County,76.83134328358211
CA,Kings County,78.425
CA,Lake County,74.82142857142857
CA,Lassen County,76.425
CA,Los Angeles County,80.56164009111592
CA,Madera County,77.90454545454546
CA,Marin County,83.38823529411765
CA,Mariposa County,78.4
CA,Mendocino County,79.235
CA,Merced County,78.28958333333334
CA,Modoc County,79.8
CA,Mono County,80.94999999999999
CA,Monterey County,80.84186046511627
CA,Napa County,81.33333333333334
CA,Nevada County,80.04736842105261
CA,Orange County,81.6575925925925
CA,Placer County,80.3185714285714
CA,Plumas County,77.98333333333333
CA,Riverside County,79.0438679245283
CA,Sacramento County,78.71533333333339
CA,San Benito County,82.39999999999999
CA,San Bernardino County,78.17443181818186
CA,San Diego County,80.76333907056798
CA,San Francisco County,81.78636363636367
CA,San Joaquin County,77.47028985507248
CA,San Luis Obispo County,80.25581395348836
CA,San Mateo County,82.73947368421052
CA,Santa Barbara County,81.34375
CA,Santa Clara County,82.653125
CA,Santa Cruz County,81.41063829787234
CA,Shasta County,76.77446808510635
CA,Sierra County,84.9
CA,Siskiyou County,78.87500000000001
CA,Solano County,78.8011235955056
CA,Sonoma County,80.59052631578949
CA,Stanislaus County,77.62197802197798
CA,Sutter County,78.635
CA,Tehama County,77.2909090909091
CA,Trinity County,80.9
CA,Tulare County,77.98831168831167
CA,Tuolumne County,79.46666666666665
CA,Ventura County,81.01987577639747
CA,Yolo County,80.6142857142857
CA,Yuba County,75.96923076923078
CO,Adams County,77.97752808988766
CO,Alamosa County,78.15
CO,Arapahoe County,79.71190476190473
CO,Archuleta County,82.05
CO,Baca County,80.0
CO,Bent County,78.0
CO,Boulder County,81.55576923076924
CO,Broomfield County,80.91538461538461
CO,Chaffee County,79.94999999999999
CO,Cheyenne County,89.5
CO,Clear Creek County,82.9
CO,Conejos County,82.25
CO,Costilla County,79.5
CO,Crowley County,76.4
CO,Custer County,82.7
CO,Delta County,78.88571428571429
CO,Denver County,78.5230769230769
CO,Dolores County,76.8
CO,Douglas County,82.07647058823527
CO,Eagle County,82.4
CO,El Paso County,79.04196428571429
CO,Elbert County,80.51428571428572
CO,Fremont County,76.13636363636364
CO,Garfield County,81.27
CO,Gilpin County,81.8
CO,Grand County,80.53333333333335
CO,Gunnison County,80.66666666666667
CO,Hinsdale County,81.4
CO,Huerfano County,81.4
CO,Jackson County,78.7
CO,Jefferson County,79.94049586776863
CO,Kiowa County,78.2
CO,Kit Carson County,80.03333333333335
CO,La Plata County,81.72
CO,Lake County,78.6
CO,Larimer County,80.54590163934425
CO,Las Animas County,78.61666666666666
CO,Lincoln County,80.8
CO,Logan County,78.18333333333334
CO,Mesa County,78.41851851851851
CO,Moffat County,77.92500000000001
CO,Montezuma County,80.82857142857144
CO,Montrose County,79.38
CO,Morgan County,79.7125
CO,Otero County,76.94285714285715
CO,Ouray County,83.2
CO,Park County,80.45
CO,Phillips County,80.1
CO,Pitkin County,82.425
CO,Prowers County,78.85999999999999
CO,Pueblo County,76.36078431372549
CO,Rio Blanco County,78.95
CO,Rio Grande County,78.93333333333332
CO,Routt County,81.7625
CO,Saguache County,82.6
CO,San Miguel County,80.4
CO,Sedgwick County,76.1
CO,Summit County,82.05000000000001
CO,Teller County,80.38
CO,Washington County,80.15
CO,Weld County,79.29666666666665
CO,Yuma County,79.65
CT,Fairfield County,81.4990147783251
CT,Hartford County,79.47914691943129
CT,Litchfield County,80.0891304347826
CT,Middlesex County,80.74117647058824
CT,New Haven County,79.28777777777778
CT,New London County,79.57903225806453
CT,Tolland County,81.025
CT,Windham County,79.36521739130434
DC,District of Columbia,76.40787878787886
DE,Kent County,76.8
DE,New Castle County,77.77073170731705
DE,Sussex County,78.48260869565217
FL,Alachua County,77.9452380952381
FL,Baker County,75.95
FL,Bay County,75.825641025641
FL,Bradford County,76.2
FL,Brevard County,77.31481481481484
FL,Broward County,79.3005970149254
FL,Calhoun County,77.66666666666667
FL,Charlotte County,78.725
FL,Citrus County,75.06296296296297
FL,Clay County,77.18620689655172
FL,Collier County,81.59152542372883
FL,Columbia County,74.75454545454546
FL,DeSoto County,77.97777777777779
FL,Dixie County,76.39999999999999
FL,Duval County,75.76826347305389
FL,Escambia County,75.15373134328361
FL,Flagler County,79.00526315789475
FL,Franklin County,75.375
FL,Gadsden County,75.62222222222222
FL,Gilchrist County,77.36000000000001
FL,Glades County,74.55
FL,Gulf County,76.5
FL,Hamilton County,75.10000000000001
FL,Hardee County,79.53333333333335
FL,Hendry County,78.31666666666668
FL,Hernando County,76.17499999999998
FL,Highlands County,77.42608695652174
FL,Hillsborough County,77.53308270676695
FL,Holmes County,74.5
FL,Indian River County,79.6777777777778
FL,Jackson County,74.72727272727272
FL,Jefferson County,76.5
FL,Lafayette County,77.2
FL,Lake County,77.76470588235294
FL,Lee County,78.68750000000001
FL,Leon County,77.57543859649125
FL,Levy County,74.925
FL,Liberty County,75.85
FL,Madison County,76.14
FL,Manatee County,78.9972972972973
FL,Marion County,75.44814814814815
FL,Martin County,81.60645161290323
FL,Miami-Dade County,80.5551362683438
FL,Monroe County,79.42399999999999
FL,Nassau County,78.21666666666668
FL,Okaloosa County,78.0157894736842
FL,Okeechobee County,77.05555555555556
FL,Orange County,78.43597883597883
FL,Osceola County,79.13235294117646
FL,Palm Beach County,80.35435540069687
FL,Pasco County,76.32123893805311
FL,Pinellas County,77.6485981308411
FL,Polk County,77.26666666666667
FL,Putnam County,74.51875000000001
FL,Santa Rosa County,77.24583333333332
FL,Sarasota County,80.29012345679013
FL,Seminole County,79.7898734177215
FL,St. Johns County,80.34242424242424
FL,St. Lucie County,77.72790697674421
FL,Sumter County,76.05833333333332
FL,Suwannee County,75.74285714285715
FL,Taylor County,76.075
FL,Union County,73.43333333333332
FL,Volusia County,77.03904761904762
FL,Wakulla County,76.55
FL,Walton County,78.13636363636364
FL,Washington County,74.08333333333333
GA,Appling County,74.05
GA,Atkinson County,74.56666666666666
GA,Bacon County,72.83333333333333
GA,Baker County,77.1
GA,Baldwin County,75.04444444444445
GA,Banks County,76.225
GA,Barrow County,75.16470588235292
GA,Bartow County,76.03571428571429
GA,Ben Hill County,73.28
GA,Berrien County,74.78
GA,Bibb County,73.45641025641028
GA,Bleckley County,75.53333333333335
GA,Brantley County,75.06666666666666
GA,Brooks County,74.64000000000001
GA,Bryan County,76.14000000000001
GA,Bulloch County,75.61111111111113
GA,Burke County,73.83999999999999
GA,Butts County,75.8
GA,Calhoun County,77.1
GA,Camden County,76.39999999999999
GA,Candler County,75.39999999999999
GA,Carroll County,75.025
GA,Catoosa County,76.49090909090908
GA,Charlton County,76.6
GA,Chatham County,76.24500000000003
GA,Chattahoochee County,73.4
GA,Chattooga County,72.9
GA,Cherokee County,79.11666666666665
GA,Clarke County,77.49166666666665
GA,Clay County,72.2
GA,Clayton County,75.40476190476191
GA,Clinch County,73.0
GA,Cobb County,79.41962616822434
GA,Coffee County,73.16250000000001
GA,Colquitt County,75.30999999999999
GA,Columbia County,78.38333333333334
GA,Cook County,74.14999999999999
GA,Coweta County,77.34736842105265
GA,Crawford County,75.63333333333334
GA,Crisp County,74.95
GA,Dade County,76.27499999999999
GA,Dawson County,77.03333333333333
GA,DeKalb County,77.7388888888889
GA,Decatur County,74.35714285714286
GA,Dodge County,75.60000000000001
GA,Dooly County,79.93333333333332
GA,Dougherty County,74.5076923076923
GA,Douglas County,76.28500000000001
GA,Early County,74.02
GA,Echols County,74.55000000000001
GA,Effingham County,76.24000000000001
GA,Elbert County,73.69999999999999
GA,Emanuel County,73.10000000000001
GA,Evans County,76.60000000000001
GA,Fannin County,75.825
GA,Fayette County,79.77499999999999
GA,Floyd County,75.765
GA,Forsyth County,79.76249999999999
GA,Franklin County,74.44000000000001
GA,Fulton County,77.36481481481478
GA,Gilmer County,79.2
GA,Glascock County,77.0
GA,Glynn County,77.23333333333333
GA,Gordon County,76.44444444444444
GA,Grady County,76.5
GA,Greene County,76.24
GA,Gwinnett County,79.04020618556706
GA,Habersham County,78.27499999999999
GA,Hall County,78.11176470588236
GA,Hancock County,77.25
GA,Haralson County,73.22
GA,Harris County,80.97500000000001
GA,Hart County,77.02000000000001
GA,Heard County,75.16666666666666
GA,Henry County,77.50869565217393
GA,Houston County,77.12272727272725
GA,Irwin County,76.2
GA,Jackson County,75.85454545454546
GA,Jasper County,75.36666666666666
GA,Jeff Davis County,73.60000000000001
GA,Jefferson County,75.39999999999999
GA,Jenkins County,73.75
GA,Johnson County,76.2
GA,Jones County,75.13333333333333
GA,Lamar County,74.5
GA,Lanier County,76.75
GA,Laurens County,73.69166666666666
GA,Lee County,77.75
GA,Liberty County,75.97
GA,Lincoln County,76.35
GA,Long County,76.44999999999999
GA,Lowndes County,75.692
GA,Lumpkin County,77.39999999999999
GA,Macon County,76.89999999999999
GA,Madison County,75.30000000000001
GA,Marion County,76.45
GA,McDuffie County,74.03999999999999
GA,McIntosh County,77.36666666666667
GA,Meriwether County,74.125
GA,Miller County,76.23333333333333
GA,Mitchell County,75.2
GA,Monroe County,77.03999999999999
GA,Montgomery County,77.33333333333333
GA,Morgan County,76.66
GA,Murray County,74.66250000000001
GA,Muscogee County,74.49583333333335
GA,Newton County,75.76153846153846
GA,Oconee County,80.83333333333333
GA,Oglethorpe County,76.2
GA,Paulding County,77.19375
GA,Peach County,75.53999999999999
GA,Pickens County,77.26666666666667
GA,Pierce County,75.05
GA,Pike County,77.17500000000001
GA,Polk County,73.72857142857143
GA,Pulaski County,74.73333333333333
GA,Putnam County,75.76666666666667
GA,Quitman County,77.7
GA,Rabun County,78.75999999999999
GA,Randolph County,75.15
GA,Richmond County,73.71463414634145
GA,Rockdale County,77.67333333333333
GA,Schley County,77.1
GA,Screven County,75.18
GA,Seminole County,73.7
GA,Spalding County,73.55833333333334
GA,Stephens County,73.74
GA,Stewart County,76.75
GA,Sumter County,75.9
GA,Talbot County,74.69999999999999
GA,Taliaferro County,75.6
GA,Tattnall County,74.50000000000001
GA,Taylor County,74.53333333333333
GA,Telfair County,78.7
GA,Terrell County,74.175
GA,Thomas County,75.32727272727273
GA,Tift County,75.92222222222222
GA,Toombs County,74.36666666666666
GA,Towns County,79.63333333333333
GA,Treutlen County,76.6
GA,Troup County,75.91428571428571
GA,Turner County,74.9
GA,Twiggs County,74.55
GA,Union County,77.675
GA,Upson County,73.07142857142857
GA,Walker County,75.41538461538461
GA,Walton County,76.55333333333334
GA,Ware County,72.66666666666667
GA,Warren County,71.80000000000001
GA,Washington County,77.34
GA,Wayne County,74.58333333333334
GA,Webster County,77.55
GA,Wheeler County,77.3
GA,White County,78.28
GA,Whitfield County,77.59444444444443
GA,Wilcox County,73.275
GA,Wilkes County,75.55000000000001
GA,Wilkinson County,74.2
GA,Worth County,74.3
HI,Hawaii County,80.73030303030302
HI,Honolulu County,81.29411764705884
HI,Kauai County,84.46666666666667
HI,Maui County,80.88181818181818
IA,Adair County,78.13333333333333
IA,Adams County,78.1
IA,Allamakee County,79.88000000000001
IA,Appanoose County,76.86000000000001
IA,Audubon County,77.50000000000001
IA,Benton County,80.77142857142857
IA,Black Hawk County,77.95294117647059
IA,Boone County,80.45714285714287
IA,Bremer County,81.0375
IA,Buchanan County,79.06666666666668
IA,Buena Vista County,80.11666666666666
IA,Butler County,79.54
IA,Calhoun County,78.725
IA,Carroll County,80.13333333333334
IA,Cass County,77.62
IA,Cedar County,82.17999999999999
IA,Cerro Gordo County,80.41000000000001
IA,Cherokee County,80.05000000000001
IA,Chickasaw County,81.275
IA,Clarke County,78.03333333333333
IA,Clay County,80.05000000000001
IA,Clayton County,79.69999999999999
IA,Clinton County,77.90833333333333
IA,Crawford County,78.38
IA,Dallas County,81.52666666666664
IA,Davis County,80.5
IA,Decatur County,78.73333333333333
IA,Delaware County,78.69999999999999
IA,Des Moines County,78.48181818181818
IA,Dickinson County,79.94
IA,Dubuque County,79.00769230769232
IA,Emmet County,77.8
IA,Fayette County,78.41428571428571
IA,Floyd County,79.7
IA,Franklin County,81.30000000000001
IA,Fremont County,77.5
IA,Greene County,78.425
IA,Grundy County,80.725
IA,Guthrie County,80.43333333333332
IA,Hamilton County,80.2
IA,Hancock County,79.625
IA,Hardin County,80.03333333333332
IA,Harrison County,77.16
IA,Henry County,79.75999999999999
IA,Howard County,78.56666666666668
IA,Humboldt County,81.15
IA,Ida County,79.3
IA,Iowa County,79.85
IA,Jackson County,78.68333333333334
IA,Jasper County,79.04444444444445
IA,Jefferson County,80.3
IA,Johnson County,82.14210526315792
IA,Jones County,80.84
IA,Keokuk County,79.775
IA,Kossuth County,79.75
IA,Lee County,76.92727272727271
IA,Linn County,79.32954545454548
IA,Louisa County,80.7
IA,Lucas County,77.30000000000001
IA,Lyon County,81.06666666666666
IA,Madison County,80.2
IA,Mahaska County,78.22857142857143
IA,Marion County,78.675
IA,Marshall County,79.03999999999999
IA,Mills County,76.275
IA,Mitchell County,81.10000000000001
IA,Monona County,75.6
IA,Monroe County,76.46666666666667
IA,Montgomery County,77.925
IA,Muscatine County,80.15
IA,O'Brien County,78.7
IA,Osceola County,82.1
IA,Page County,78.88333333333334
IA,Palo Alto County,78.4
IA,Plymouth County,80.75
IA,Pocahontas County,77.60000000000001
IA,Polk County,78.43260869565216
IA,Pottawattamie County,78.57333333333331
IA,Poweshiek County,79.03999999999999
IA,Ringgold County,75.69999999999999
IA,Sac County,79.65
IA,Scott County,78.36808510638298
IA,Shelby County,79.05000000000001
IA,Sioux County,82.17142857142858
IA,Story County,81.0923076923077
IA,Tama County,79.66666666666667
IA,Taylor County,78.83333333333333
IA,Union County,77.975
IA,Van Buren County,79.1
IA,Wapello County,77.30909090909091
IA,Warren County,79.71666666666665
IA,Washington County,79.9
IA,Wayne County,78.60000000000001
IA,Webster County,76.50833333333333
IA,Winnebago County,80.63333333333334
IA,Winneshiek County,82.03999999999999
IA,Woodbury County,77.46799999999999
IA,Worth County,78.8
IA,Wright County,79.14
ID,Ada County,79.91525423728814
ID,Adams County,79.0
ID,Bannock County,76.92777777777776
ID,Bear Lake County,81.0
ID,Benewah County,75.6
ID,Bingham County,78.77499999999999
ID,Blaine County,82.15
ID,Boise County,81.6
ID,Bonner County,78.9
ID,Bonneville County,78.79523809523809
ID,Boundary County,80.65
ID,Butte County,78.3
ID,Camas County,78.7
ID,Canyon County,78.08620689655174
ID,Caribou County,77.94999999999999
ID,Cassia County,78.66666666666667
ID,Clearwater County,76.85
ID,Custer County,87.7
ID,Elmore County,77.875
ID,Franklin County,80.6
ID,Fremont County,79.1
ID,Gem County,77.46666666666667
ID,Gooding County,78.0
ID,Idaho County,79.825
ID,Jefferson County,80.725
ID,Jerome County,78.46
ID,Kootenai County,79.4
ID,Latah County,80.3
ID,Lemhi County,79.13333333333333
ID,Lewis County,81.85
ID,Lincoln County,79.1
ID,Madison County,79.16666666666666
ID,Minidoka County,79.32
ID,Nez Perce County,78.23333333333333
ID,Oneida County,81.1
ID,Owyhee County,80.76666666666667
ID,Payette County,79.0
ID,Power County,79.9
ID,Shoshone County,80.96666666666665
ID,Teton County,85.4
ID,Twin Falls County,77.35384615384615
ID,Valley County,81.5
ID,Washington County,78.53333333333333
IL,Adams County,77.45555555555556
IL,Alexander County,74.475
IL,Bond County,77.675
IL,Boone County,78.34285714285716
IL,Brown County,75.65
IL,Bureau County,80.57777777777778
IL,Calhoun County,82.15
IL,Carroll County,78.25000000000001
IL,Cass County,76.8
IL,Champaign County,80.00000000000003
IL,Christian County,76.43
IL,Clark County,76.575
IL,Clay County,76.125
IL,Clinton County,79.83749999999999
IL,Coles County,77.21000000000001
IL,Cook County,77.82824999999995
IL,Crawford County,77.0
IL,Cumberland County,78.26666666666667
IL,De Witt County,78.02000000000001
IL,DeKalb County,80.22631578947369
IL,Douglas County,79.25999999999999
IL,DuPage County,81.28994974874374
IL,Edgar County,76.76
IL,Edwards County,78.7
IL,Effingham County,77.6375
IL,Fayette County,79.15
IL,Ford County,77.72500000000001
IL,Franklin County,75.3
IL,Fulton County,77.75454545454546
IL,Gallatin County,73.69999999999999
IL,Greene County,76.92
IL,Grundy County,78.39999999999999
IL,Hamilton County,77.46666666666667
IL,Hancock County,81.54285714285713
IL,Hardin County,78.0
IL,Henderson County,80.46666666666667
IL,Henry County,78.75384615384615
IL,Iroquois County,77.76666666666667
IL,Jackson County,76.45
IL,Jasper County,78.63333333333334
IL,Jefferson County,75.98181818181818
IL,Jersey County,77.08333333333333
IL,Jo Daviess County,80.1
IL,Johnson County,77.43333333333334
IL,Kane County,80.26124999999996
IL,Kankakee County,77.4896551724138
IL,Kendall County,79.89999999999999
IL,Knox County,76.27333333333331
IL,LaSalle County,77.35357142857143
IL,Lake County,80.17972027972027
IL,Lawrence County,72.38
IL,Lee County,78.0
IL,Livingston County,77.33
IL,Logan County,77.175
IL,Macon County,76.38235294117646
IL,Macoupin County,77.41666666666667
IL,Madison County,76.435
IL,Marion County,75.62500000000001
IL,Marshall County,76.72
IL,Mason County,75.94999999999999
IL,Massac County,74.775
IL,McDonough County,78.55555555555557
IL,McHenry County,79.54901960784312
IL,McLean County,78.5939393939394
IL,Menard County,78.93333333333334
IL,Mercer County,78.975
IL,Monroe County,79.96666666666665
IL,Montgomery County,76.03750000000001
IL,Morgan County,77.64
IL,Moultrie County,77.64999999999999
IL,Ogle County,79.36363636363636
IL,Peoria County,76.68333333333334
IL,Perry County,77.28333333333333
IL,Piatt County,79.57499999999999
IL,Pike County,79.28
IL,Pope County,78.5
IL,Pulaski County,75.2
IL,Putnam County,81.80000000000001
IL,Randolph County,78.22222222222223
IL,Richland County,77.84
IL,Rock Island County,78.02051282051282
IL,Saline County,74.14444444444445
IL,Sangamon County,76.94901960784314
IL,Schuyler County,79.03333333333335
IL,Scott County,79.69999999999999
IL,Shelby County,80.18333333333334
IL,St. Clair County,75.85357142857141
IL,Stark County,80.65
IL,Stephenson County,79.8846153846154
IL,Tazewell County,78.68333333333334
IL,Union County,76.74
IL,Vermilion County,75.10833333333335
IL,Wabash County,78.725
IL,Warren County,79.2
IL,Washington County,78.725
IL,Wayne County,78.66
IL,White County,75.06
IL,Whiteside County,78.13333333333334
IL,Will County,78.50214285714287
IL,Williamson County,76.51333333333334
IL,Winnebago County,76.30666666666662
IL,Woodford County,79.43333333333334
IN,Adams County,80.10000000000001
IN,Allen County,77.3279569892473
IN,Bartholomew County,78.27142857142856
IN,Benton County,77.56666666666666
IN,Blackford County,75.625
IN,Boone County,79.08000000000001
IN,Brown County,77.85
IN,Carroll County,79.78333333333333
IN,Cass County,78.28181818181818
IN,Clark County,75.32692307692308
IN,Clay County,78.21666666666665
IN,Clinton County,77.5375
IN,Crawford County,76.5
IN,Daviess County,76.97142857142856
IN,DeKalb County,77.97777777777777
IN,Dearborn County,78.52000000000001
IN,Decatur County,79.31666666666668
IN,Delaware County,75.45833333333334
IN,Dubois County,78.98571428571428
IN,Elkhart County,78.63714285714286
IN,Fayette County,74.82857142857142
IN,Floyd County,76.18499999999999
IN,Fountain County,77.12
IN,Franklin County,78.76
IN,Fulton County,76.8
IN,Gibson County,78.55714285714285
IN,Grant County,75.1875
IN,Greene County,76.53333333333335
IN,Hamilton County,81.04999999999997
IN,Hancock County,77.76
IN,Harrison County,78.06666666666666
IN,Hendricks County,79.58095238095238
IN,Henry County,76.63846153846154
IN,Howard County,75.98500000000001
IN,Huntington County,77.57777777777778
IN,Jackson County,76.04999999999998
IN,Jasper County,77.16250000000001
IN,Jay County,76.47142857142858
IN,Jefferson County,75.57142857142857
IN,Jennings County,77.66666666666667
IN,Johnson County,77.68571428571428
IN,Knox County,75.64
IN,Kosciusko County,77.94736842105262
IN,LaGrange County,79.2125
IN,LaPorte County,75.55357142857143
IN,Lake County,75.1725663716814
IN,Lawrence County,74.78
IN,Madison County,75.23055555555554
IN,Marion County,75.01435406698566
IN,Marshall County,78.94166666666666
IN,Martin County,78.36666666666666
IN,Miami County,76.33000000000001
IN,Monroe County,78.84347826086956
IN,Montgomery County,78.44444444444446
IN,Morgan County,76.26923076923077
IN,Newton County,76.55000000000001
IN,Noble County,77.9
IN,Ohio County,78.35
IN,Orange County,77.01666666666667
IN,Owen County,76.94
IN,Parke County,78.425
IN,Perry County,75.96
IN,Pike County,80.925
IN,Porter County,77.66071428571429
IN,Posey County,77.88571428571427
IN,Pulaski County,77.05
IN,Putnam County,77.75714285714285
IN,Randolph County,78.4
IN,Ripley County,78.21666666666665
IN,Rush County,77.74
IN,Scott County,73.47999999999999
IN,Shelby County,77.64444444444445
IN,Spencer County,80.74
IN,St. Joseph County,76.45714285714288
IN,Starke County,73.91428571428571
IN,Steuben County,78.5625
IN,Sullivan County,77.92
IN,Switzerland County,75.4
IN,Tippecanoe County,78.47419354838712
IN,Tipton County,77.95
IN,Union County,77.94999999999999
IN,Vanderburgh County,75.38695652173912
IN,Vermillion County,77.42
IN,Vigo County,74.74642857142858
IN,Wabash County,76.5625
IN,Warren County,80.85
IN,Warrick County,79.33636363636364
IN,Washington County,74.98333333333333
IN,Wayne County,76.08235294117647
IN,Wells County,80.24285714285713
IN,White County,78.625
IN,Whitley County,80.62857142857142
KS,Allen County,75.96
KS,Anderson County,79.75
KS,Atchison County,76.95
KS,Barber County,76.35
KS,Barton County,78.4125
KS,Bourbon County,75.78
KS,Brown County,76.96666666666667
KS,Butler County,77.57692307692307
KS,Chase County,78.9
KS,Chautauqua County,77.4
KS,Cherokee County,74.63333333333334
KS,Cheyenne County,81.4
KS,Clark County,86.6
KS,Clay County,78.15
KS,Cloud County,76.875
KS,Coffey County,77.03333333333333
KS,Comanche County,76.5
KS,Cowley County,76.38181818181819
KS,Crawford County,76.60909090909091
KS,Decatur County,78.1
KS,Dickinson County,77.98333333333333
KS,Doniphan County,80.39999999999999
KS,Douglas County,80.145
KS,Edwards County,78.3
KS,Elk County,77.5
KS,Ellis County,79.10000000000001
KS,Ellsworth County,77.45
KS,Finney County,77.97999999999999
KS,Ford County,79.94285714285715
KS,Franklin County,77.14
KS,Geary County,76.95714285714287
KS,Gove County,80.0
KS,Graham County,78.30000000000001
KS,Grant County,79.1
KS,Gray County,86.15
KS,Greeley County,77.2
KS,Greenwood County,76.10000000000001
KS,Hamilton County,78.2
KS,Harper County,75.63333333333333
KS,Harvey County,79.73333333333333
KS,Haskell County,88.6
KS,Hodgeman County,81.8
KS,Jackson County,79.43333333333332
KS,Jefferson County,77.85
KS,Jewell County,79.9
KS,Johnson County,80.71810344827583
KS,Kearny County,78.4
KS,Kingman County,78.76666666666667
KS,Kiowa County,80.8
KS,Labette County,75.15
KS,Lane County,79.8
KS,Leavenworth County,77.33571428571429
KS,Lincoln County,80.3
KS,Linn County,78.2
KS,Logan County,79.8
KS,Lyon County,78.08749999999999
KS,Marion County,78.1
KS,Marshall County,78.975
KS,McPherson County,78.97142857142856
KS,Meade County,80.69999999999999
KS,Miami County,79.7
KS,Mitchell County,77.9
KS,Montgomery County,75.72307692307693
KS,Morris County,78.35
KS,Morton County,85.3
KS,Nemaha County,79.43333333333332
KS,Neosho County,76.88
KS,Ness County,78.45
KS,Norton County,80.4
KS,Osage County,78.0
KS,Osborne County,76.8
KS,Ottawa County,77.25
KS,Pawnee County,77.15
KS,Phillips County,76.76666666666667
KS,Pottawatomie County,79.825
KS,Pratt County,76.60000000000001
KS,Rawlins County,80.9
KS,Reno County,76.80588235294117
KS,Republic County,78.9
KS,Rice County,76.63333333333334
KS,Riley County,80.88888888888889
KS,Rooks County,78.0
KS,Rush County,79.65
KS,Russell County,79.69999999999999
KS,Saline County,78.03333333333333
KS,Scott County,78.5
KS,Sedgwick County,76.97768595041326
KS,Seward County,79.675
KS,Shawnee County,77.51162790697674
KS,Sheridan County,77.9
KS,Sherman County,78.6
KS,Smith County,77.65
KS,Stafford County,76.4
KS,Stanton County,87.9
KS,Stevens County,79.75
KS,Sumner County,76.98333333333333
KS,Thomas County,81.75
KS,Trego County,76.0
KS,Wabaunsee County,79.19999999999999
KS,Wallace County,81.6
KS,Washington County,80.44999999999999
KS,Wichita County,78.1
KS,Wilson County,74.8
KS,Woodson County,73.5
KS,Wyandotte County,75.16545454545455
KY,Adair County,76.0142857142857
KY,Allen County,74.53333333333335
KY,Anderson County,75.86000000000001
KY,Ballard County,75.89999999999999
KY,Barren County,75.76
KY,Bath County,74.46666666666668
KY,Bell County,74.21111111111111
KY,Boone County,78.43333333333332
KY,Bourbon County,76.97999999999999
KY,Boyd County,74.49999999999999
KY,Boyle County,76.5142857142857
KY,Bracken County,74.23333333333333
KY,Breathitt County,70.15714285714286
KY,Breckinridge County,74.86666666666666
KY,Bullitt County,77.06428571428572
KY,Butler County,75.35999999999999
KY,Caldwell County,76.46666666666667
KY,Calloway County,75.85000000000001
KY,Campbell County,76.29166666666667
KY,Carlisle County,77.13333333333334
KY,Carroll County,73.83333333333333
KY,Carter County,75.28571428571429
KY,Casey County,75.16
KY,Christian County,75.24285714285713
KY,Clark County,74.73
KY,Clay County,72.375
KY,Clinton County,73.66666666666667
KY,Crittenden County,75.47500000000001
KY,Cumberland County,74.1
KY,Daviess County,76.6
KY,Edmonson County,75.3
KY,Elliott County,76.1
KY,Estill County,71.35
KY,Fayette County,77.5916666666667
KY,Fleming County,74.025
KY,Floyd County,73.03
KY,Franklin County,75.84545454545456
KY,Fulton County,73.85
KY,Gallatin County,73.0
KY,Garrard County,76.625
KY,Grant County,74.55000000000001
KY,Graves County,76.6
KY,Grayson County,73.9
KY,Green County,75.19999999999999
KY,Greenup County,75.9
KY,Hancock County,77.60000000000001
KY,Hardin County,76.44210526315791
KY,Harlan County,73.10909090909091
KY,Harrison County,74.95
KY,Hart County,74.24
KY,Henderson County,74.97272727272728
KY,Henry County,75.63999999999999
KY,Hickman County,74.7
KY,Hopkins County,73.91666666666667
KY,Jackson County,72.66666666666667
KY,Jefferson County,76.06153846153842
KY,Jessamine County,76.9625
KY,Johnson County,74.05
KY,Kenton County,75.19268292682924
KY,Knott County,73.84
KY,Knox County,73.475
KY,Larue County,74.675
KY,Laurel County,75.09090909090911
KY,Lawrence County,73.25999999999999
KY,Lee County,72.66666666666667
KY,Leslie County,74.03333333333333
KY,Letcher County,72.87142857142858
KY,Lewis County,75.725
KY,Lincoln County,73.26
KY,Livingston County,75.0
KY,Logan County,75.16666666666667
KY,Lyon County,77.1
KY,Madison County,76.14117647058822
KY,Magoffin County,72.76666666666667
KY,Marion County,76.26666666666667
KY,Marshall County,75.75000000000001
KY,Martin County,74.65
KY,Mason County,75.24
KY,McCracken County,74.84705882352941
KY,McCreary County,72.96666666666665
KY,McLean County,79.46666666666665
KY,Meade County,74.15
KY,Menifee County,75.15
KY,Mercer County,76.67999999999999
KY,Metcalfe County,74.73333333333333
KY,Monroe County,72.19999999999999
KY,Montgomery County,76.14999999999999
KY,Morgan County,73.97999999999999
KY,Muhlenberg County,74.22222222222223
KY,Nelson County,75.84444444444443
KY,Nicholas County,73.25
KY,Ohio County,75.03333333333333
KY,Oldham County,79.80833333333334
KY,Owen County,75.36666666666667
KY,Owsley County,71.9
KY,Pendleton County,75.03333333333335
KY,Perry County,71.9375
KY,Pike County,72.67894736842106
KY,Powell County,70.75
KY,Pulaski County,74.78461538461538
KY,Robertson County,72.5
KY,Rockcastle County,72.9
KY,Rowan County,75.275
KY,Russell County,74.3
KY,Scott County,77.77272727272727
KY,Shelby County,78.3111111111111
KY,Simpson County,75.6
KY,Spencer County,76.8
KY,Taylor County,75.94
KY,Todd County,76.675
KY,Trigg County,76.1
KY,Trimble County,75.05000000000001
KY,Union County,75.75
KY,Warren County,76.57499999999999
KY,Washington County,76.76666666666667
KY,Wayne County,76.26
KY,Webster County,74.80000000000001
KY,Whitley County,71.67142857142858
KY,Wolfe County,75.45
KY,Woodford County,77.3125
LA,Acadia Parish,74.44545454545454
LA,Allen Parish,76.2
LA,Ascension Parish,78.4
LA,Assumption Parish,76.75
LA,Avoyelles Parish,74.6875
LA,Beauregard Parish,75.0
LA,Bienville Parish,74.04
LA,Bossier Parish,76.18571428571428
LA,Caddo Parish,74.31639344262295
LA,Calcasieu Parish,74.49999999999999
LA,Caldwell Parish,74.33333333333333
LA,Cameron Parish,78.25
LA,Catahoula Parish,72.86666666666667
LA,Claiborne Parish,75.7
LA,Concordia Parish,73.16
LA,De Soto Parish,73.81428571428572
LA,East Baton Rouge Parish,74.96543209876539
LA,East Carroll Parish,69.05
LA,East Feliciana Parish,76.0
LA,Evangeline Parish,75.2
LA,Franklin Parish,73.73333333333333
LA,Grant Parish,74.34
LA,Iberia Parish,75.11428571428571
LA,Iberville Parish,74.02857142857142
LA,Jackson Parish,75.28
LA,Jefferson Davis Parish,74.75714285714285
LA,Jefferson Parish,76.31355932203388
LA,La Salle Parish,77.8
LA,Lafayette Parish,77.77027027027027
LA,Lafourche Parish,75.55714285714286
LA,Lincoln Parish,77.30000000000001
LA,Livingston Parish,76.03999999999999
LA,Madison Parish,71.4
LA,Morehouse Parish,71.68749999999999
LA,Natchitoches Parish,76.17500000000001
LA,Orleans Parish,75.25850340136056
LA,Ouachita Parish,74.53076923076921
LA,Plaquemines Parish,74.31666666666668
LA,Pointe Coupee Parish,76.93333333333334
LA,Rapides Parish,74.89333333333333
LA,Red River Parish,74.3
LA,Richland Parish,74.48333333333333
LA,Sabine Parish,75.07142857142857
LA,St. Bernard Parish,74.59285714285714
LA,St. Charles Parish,76.85833333333332
LA,St. Helena Parish,74.75
LA,St. James Parish,76.51428571428572
LA,St. John the Baptist Parish,74.9909090909091
LA,St. Landry Parish,74.67368421052632
LA,St. Martin Parish,75.46363636363637
LA,St. Mary Parish,74.00625000000001
LA,St. Tammany Parish,77.59210526315792
LA,Tangipahoa Parish,74.69500000000001
LA,Tensas Parish,80.25
LA,Terrebonne Parish,74.655
LA,Union Parish,73.68333333333332
LA,Vermilion Parish,76.45
LA,Vernon Parish,76.575
LA,Washington Parish,73.21000000000001
LA,Webster Parish,75.08181818181818
LA,West Baton Rouge Parish,76.62
LA,West Carroll Parish,75.46666666666667
LA,West Feliciana Parish,77.15
LA,Winn Parish,73.95
MA,Barnstable County,80.42745098039218
MA,Berkshire County,80.25263157894736
MA,Bristol County,78.4885245901639
MA,Dukes County,81.275
MA,Essex County,80.59182389937111
MA,Franklin County,80.87777777777778
MA,Hampden County,78.61089108910893
MA,Hampshire County,81.62068965517241
MA,Middlesex County,81.70230263157896
MA,Nantucket County,81.85
MA,Norfolk County,81.46328124999998
MA,Plymouth County,79.9548387096774
MA,Suffolk County,79.62934131736525
MA,Worcester County,79.73554216867467
MD,Allegany County,76.32173913043479
MD,Anne Arundel County,78.86597938144328
MD,Baltimore County,78.07722772277229
MD,Baltimore city,73.03944444444444
MD,Calvert County,80.73888888888888
MD,Caroline County,75.83333333333334
MD,Carroll County,78.48648648648647
MD,Cecil County,76.67777777777778
MD,Charles County,79.6689655172414
MD,Dorchester County,77.61111111111111
MD,Frederick County,80.0396551724138
MD,Garrett County,78.0142857142857
MD,Harford County,78.81176470588237
MD,Howard County,81.70740740740742
MD,Kent County,78.86
MD,Montgomery County,83.01299999999998
MD,Prince George's County,79.60900000000001
MD,Queen Anne's County,79.17272727272726
MD,Somerset County,74.86666666666666
MD,St. Mary's County,80.75000000000001
MD,Talbot County,80.16999999999999
MD,Washington County,76.15517241379308
MD,Wicomico County,76.94210526315787
MD,Worcester County,77.90714285714286
ME,Androscoggin County,76.93333333333334
ME,Aroostook County,77.765
ME,Cumberland County,80.10363636363635
ME,Franklin County,78.17142857142856
ME,Hancock County,79.85
ME,Kennebec County,77.82142857142857
ME,Knox County,78.85
ME,Lincoln County,79.01428571428572
ME,Oxford County,78.925
ME,Penobscot County,77.1314285714286
ME,Piscataquis County,76.60000000000001
ME,Sagadahoc County,79.88571428571427
ME,Somerset County,76.67142857142856
ME,Waldo County,78.8875
ME,Washington County,76.35
ME,York County,79.07272727272726
MI,Alcona County,76.475
MI,Alger County,81.19999999999999
MI,Allegan County,79.5782608695652
MI,Alpena County,77.25555555555556
MI,Antrim County,80.07142857142857
MI,Arenac County,77.0
MI,Baraga County,76.2
MI,Barry County,79.36363636363636
MI,Bay County,77.02307692307691
MI,Benzie County,78.7
MI,Berrien County,76.83191489361701
MI,Branch County,77.19166666666666
MI,Calhoun County,76.26756756756755
MI,Cass County,77.87272727272727
MI,Charlevoix County,79.30833333333332
MI,Cheboygan County,79.1625
MI,Chippewa County,78.06363636363636
MI,Clare County,75.19000000000001
MI,Clinton County,79.89999999999999
MI,Crawford County,78.2
MI,Delta County,79.87272727272726
MI,Dickinson County,79.9
MI,Eaton County,78.81111111111112
MI,Emmet County,80.07142857142857
MI,Genesee County,75.28571428571426
MI,Gladwin County,76.39999999999999
MI,Gogebic County,77.41428571428571
MI,Grand Traverse County,79.9625
MI,Gratiot County,78.11111111111111
MI,Hillsdale County,77.63333333333334
MI,Houghton County,78.75999999999998
MI,Huron County,77.86
MI,Ingham County,77.94590163934424
MI,Ionia County,78.53333333333332
MI,Iosco County,76.05
MI,Iron County,81.35999999999999
MI,Isabella County,78.43076923076923
MI,Jackson County,77.11891891891891
MI,Kalamazoo County,78.92692307692306
MI,Kalkaska County,76.74
MI,Kent County,79.6682926829268
MI,Keweenaw County,82.7
MI,Lake County,78.35
MI,Lapeer County,77.9909090909091
MI,Leelanau County,82.67999999999999
MI,Lenawee County,77.9478260869565
MI,Livingston County,79.33859649122806
MI,Luce County,81.5
MI,Mackinac County,81.94000000000001
MI,Macomb County,77.11960784313725
MI,Manistee County,77.775
MI,Marquette County,78.94999999999999
MI,Mason County,77.9625
MI,Mecosta County,77.8
MI,Menominee County,82.17142857142858
MI,Midland County,79.84210526315788
MI,Missaukee County,78.1
MI,Monroe County,77.10263157894737
MI,Montcalm County,78.68461538461538
MI,Montmorency County,76.56
MI,Muskegon County,76.95714285714286
MI,Newaygo County,78.05454545454546
MI,Oakland County,78.96327160493823
MI,Oceana County,79.23333333333333
MI,Ogemaw County,75.97142857142856
MI,Ontonagon County,80.63333333333334
MI,Osceola County,78.3
MI,Oscoda County,76.5
MI,Otsego County,78.46666666666667
MI,Ottawa County,80.9705882352941
MI,Presque Isle County,77.81666666666666
MI,Roscommon County,76.31249999999999
MI,Saginaw County,76.40892857142855
MI,Sanilac County,78.73333333333332
MI,Schoolcraft County,79.60000000000001
MI,Shiawassee County,77.36470588235295
MI,St. Clair County,76.17659574468085
MI,St. Joseph County,76.62941176470588
MI,Tuscola County,78.21538461538461
MI,Van Buren County,78.31333333333333
MI,Washtenaw County,79.58875000000002
MI,Wayne County,74.46294964028783
MI,Wexford County,77.08749999999999
MN,Aitkin County,79.48333333333333
MN,Anoka County,80.14025974025972
MN,Becker County,80.35
MN,Beltrami County,78.71
MN,Benton County,79.71111111111111
MN,Big Stone County,78.23333333333333
MN,Blue Earth County,80.37333333333332
MN,Brown County,81.3125
MN,Carlton County,77.8142857142857
MN,Carver County,82.37058823529412
MN,Cass County,79.76
MN,Chippewa County,80.07499999999999
MN,Chisago County,80.28
MN,Clay County,79.8923076923077
MN,Clearwater County,79.16666666666667
MN,Cook County,81.4
MN,Cottonwood County,80.0
MN,Crow Wing County,80.22500000000001
MN,Dakota County,80.68333333333334
MN,Dodge County,81.68
MN,Douglas County,81.73333333333333
MN,Faribault County,81.2
MN,Fillmore County,82.53333333333333
MN,Freeborn County,81.60999999999999
MN,Goodhue County,80.83000000000001
MN,Grant County,84.9
MN,Hennepin County,80.32043795620436
MN,Houston County,82.88
MN,Hubbard County,82.17142857142856
MN,Isanti County,80.91250000000001
MN,Itasca County,79.89090909090909
MN,Jackson County,84.75
MN,Kanabec County,80.225
MN,Kandiyohi County,81.425
MN,Kittson County,79.95
MN,Koochiching County,78.75
MN,Lac qui Parle County,79.16666666666667
MN,Lake County,79.7
MN,Lake of the Woods County,83.35
MN,Le Sueur County,81.35000000000001
MN,Lincoln County,81.3
MN,Lyon County,80.02857142857142
MN,Mahnomen County,77.19999999999999
MN,Marshall County,85.35000000000001
MN,Martin County,81.3
MN,McLeod County,82.18571428571428
MN,Meeker County,80.66666666666667
MN,Mille Lacs County,77.42857142857143
MN,Morrison County,81.975
MN,Mower County,80.72727272727272
MN,Murray County,81.39999999999999
MN,Nicollet County,81.60000000000001
MN,Nobles County,82.08333333333333
MN,Norman County,78.16666666666667
MN,Olmsted County,81.3
MN,Otter Tail County,80.97647058823529
MN,Pennington County,80.02000000000001
MN,Pine County,79.6875
MN,Pipestone County,80.06
MN,Polk County,78.39000000000001
MN,Pope County,82.45
MN,Ramsey County,79.53384615384614
MN,Red Lake County,80.80000000000001
MN,Redwood County,80.68333333333334
MN,Renville County,78.61666666666667
MN,Rice County,81.32307692307691
MN,Rock County,78.73333333333333
MN,Roseau County,82.32000000000001
MN,Scott County,80.80952380952381
MN,Sherburne County,80.73636363636365
MN,Sibley County,80.825
MN,St. Louis County,78.24666666666668
MN,Stearns County,81.92222222222223
MN,Steele County,82.6125
MN,Stevens County,83.66666666666667
MN,Swift County,83.675
MN,Todd County,81.51249999999999
MN,Traverse County,78.0
MN,Wabasha County,82.25
MN,Wadena County,77.86666666666667
MN,Waseca County,81.1
MN,Washington County,81.84791666666668
MN,Watonwan County,81.76666666666667
MN,Wilkin County,80.4
MN,Winona County,80.91111111111111
MN,Wright County,81.23125000000002
MN,Yellow Medicine County,80.825
MO,Adair County,77.72
MO,Andrew County,79.675
MO,Atchison County,76.94999999999999
MO,Audrain County,77.12857142857142
MO,Barry County,76.77142857142857
MO,Barton County,77.60000000000001
MO,Bates County,78.9
MO,Benton County,75.61666666666666
MO,Bollinger County,73.9
MO,Boone County,79.48260869565217
MO,Buchanan County,75.32400000000001
MO,Butler County,72.56
MO,Caldwell County,75.6
MO,Callaway County,77.5875
MO,Camden County,79.5090909090909
MO,Cape Girardeau County,77.50714285714285
MO,Carroll County,77.36666666666667
MO,Carter County,75.94999999999999
MO,Cass County,78.02105263157895
MO,Cedar County,74.9
MO,Chariton County,78.73333333333333
MO,Christian County,79.11428571428573
MO,Clark County,76.86666666666667
MO,Clay County,78.41666666666667
MO,Clinton County,76.75
MO,Cole County,77.6
MO,Cooper County,76.82000000000001
MO,Crawford County,75.16
MO,Dade County,77.25
MO,Dallas County,77.13333333333334
MO,Daviess County,76.0
MO,DeKalb County,79.15
MO,Dent County,75.4
MO,Douglas County,74.8
MO,Dunklin County,73.17999999999999
MO,Franklin County,77.09411764705882
MO,Gasconade County,76.775
MO,Gentry County,78.35
MO,Greene County,77.05689655172414
MO,Grundy County,78.17500000000001
MO,Harrison County,77.13333333333334
MO,Henry County,74.95
MO,Hickory County,82.19999999999999
MO,Holt County,76.8
MO,Howard County,78.5
MO,Howell County,75.63749999999999
MO,Iron County,75.39999999999999
MO,Jackson County,75.77329545454549
MO,Jasper County,75.69999999999999
MO,Jefferson County,76.46829268292683
MO,Johnson County,77.7
MO,Knox County,77.35
MO,Laclede County,75.71666666666667
MO,Lafayette County,77.05714285714285
MO,Lawrence County,76.55714285714285
MO,Lewis County,77.07499999999999
MO,Lincoln County,76.62857142857142
MO,Linn County,76.53999999999999
MO,Livingston County,77.875
MO,Macon County,77.32000000000001
MO,Madison County,74.15
MO,Maries County,79.2
MO,Marion County,76.775
MO,McDonald County,76.775
MO,Mercer County,76.35
MO,Miller County,76.49999999999999
MO,Mississippi County,75.65
MO,Moniteau County,77.85
MO,Monroe County,80.63333333333334
MO,Montgomery County,76.475
MO,Morgan County,75.35999999999999
MO,New Madrid County,76.96000000000001
MO,Newton County,76.33333333333334
MO,Nodaway County,77.46000000000001
MO,Oregon County,75.10000000000001
MO,Osage County,78.82499999999999
MO,Ozark County,81.15
MO,Pemiscot County,72.85000000000001
MO,Perry County,81.38
MO,Pettis County,77.8090909090909
MO,Phelps County,77.03
MO,Pike County,76.4
MO,Platte County,79.62352941176471
MO,Polk County,77.85
MO,Pulaski County,75.01666666666667
MO,Putnam County,83.3
MO,Ralls County,78.2
MO,Randolph County,75.56666666666666
MO,Ray County,77.225
MO,Reynolds County,78.2
MO,Ripley County,71.875
MO,Saline County,77.5625
MO,Schuyler County,78.1
MO,Scotland County,73.55
MO,Scott County,77.19999999999999
MO,Shannon County,76.85
MO,Shelby County,75.96666666666665
MO,St. Charles County,79.93376623376625
MO,St. Clair County,77.9
MO,St. Francois County,74.09999999999998
MO,St. Louis County,78.62408376963354
MO,St. Louis city,73.39484536082476
MO,Ste. Genevieve County,77.375
MO,Stoddard County,75.35
MO,Stone County,77.64999999999999
MO,Sullivan County,77.23333333333333
MO,Taney County,77.02999999999999
MO,Texas County,76.475
MO,Vernon County,75.93333333333334
MO,Warren County,79.08000000000001
MO,Washington County,74.24
MO,Wayne County,75.1
MO,Webster County,76.89999999999999
MO,Worth County,77.0
MO,Wright County,75.175
MS,Adams County,73.14444444444445
MS,Alcorn County,73.83333333333333
MS,Amite County,77.89999999999999
MS,Attala County,76.88333333333333
MS,Benton County,73.0
MS,Bolivar County,74.7375
MS,Calhoun County,75.97999999999999
MS,Carroll County,76.35
MS,Chickasaw County,76.22500000000001
MS,Choctaw County,73.8
MS,Claiborne County,74.60000000000001
MS,Clarke County,73.075
MS,Clay County,74.44999999999999
MS,Coahoma County,74.41428571428571
MS,Copiah County,74.0
MS,Covington County,74.9
MS,DeSoto County,76.73030303030303
MS,Forrest County,73.94375
MS,Franklin County,74.69999999999999
MS,George County,74.8
MS,Greene County,73.05
MS,Grenada County,73.28
MS,Hancock County,76.27142857142857
MS,Harrison County,74.145
MS,Hinds County,75.13333333333331
MS,Holmes County,73.62
MS,Humphreys County,77.06666666666668
MS,Issaquena County,72.2
MS,Itawamba County,74.96000000000001
MS,Jackson County,75.12083333333334
MS,Jasper County,74.575
MS,Jefferson County,76.15
MS,Jefferson Davis County,74.46666666666667
MS,Jones County,75.26923076923077
MS,Kemper County,75.85
MS,Lafayette County,77.87777777777778
MS,Lamar County,76.3125
MS,Lauderdale County,74.43333333333334
MS,Lawrence County,73.63333333333334
MS,Leake County,73.94
MS,Lee County,77.3722222222222
MS,Leflore County,72.6875
MS,Lincoln County,73.26666666666667
MS,Lowndes County,76.06153846153846
MS,Madison County,78.79
MS,Marion County,71.65
MS,Marshall County,74.02
MS,Monroe County,75.81111111111112
MS,Montgomery County,73.03333333333335
MS,Neshoba County,72.6857142857143
MS,Newton County,73.55999999999999
MS,Noxubee County,76.9
MS,Oktibbeha County,77.5625
MS,Panola County,73.26666666666667
MS,Pearl River County,74.50000000000001
MS,Perry County,74.16666666666667
MS,Pike County,73.05
MS,Pontotoc County,77.78
MS,Prentiss County,76.46
MS,Quitman County,72.10000000000001
MS,Rankin County,77.71666666666665
MS,Scott County,74.11666666666667
MS,Sharkey County,73.45
MS,Simpson County,73.9
MS,Smith County,79.2
MS,Stone County,74.10000000000001
MS,Sunflower County,73.6
MS,Tallahatchie County,70.85
MS,Tate County,75.5
MS,Tippah County,73.55000000000001
MS,Tishomingo County,73.43333333333334
MS,Tunica County,72.75
MS,Union County,76.01666666666667
MS,Walthall County,73.10000000000001
MS,Warren County,74.21666666666667
MS,Washington County,72.26842105263158
MS,Wayne County,74.625
MS,Webster County,75.10000000000001
MS,Wilkinson County,74.4
MS,Winston County,75.5
MS,Yalobusha County,73.26666666666667
MS,Yazoo County,73.5
MT,Beaverhead County,79.8
MT,Big Horn County,77.52000000000001
MT,Blaine County,77.7
MT,Broadwater County,72.3
MT,Carbon County,79.5
MT,Carter County,78.7
MT,Cascade County,76.86190476190477
MT,Chouteau County,81.6
MT,Custer County,76.76666666666667
MT,Daniels County,81.4
MT,Dawson County,80.36666666666666
MT,Deer Lodge County,76.53333333333333
MT,Fallon County,79.1
MT,Fergus County,79.55
MT,Flathead County,79.89444444444446
MT,Gallatin County,80.91578947368421
MT,Garfield County,79.9
MT,Glacier County,75.06666666666668
MT,Granite County,87.0
MT,Hill County,77.93333333333334
MT,Jefferson County,79.80000000000001
MT,Judith Basin County,82.7
MT,Lake County,79.9375
MT,Lewis and Clark County,79.27857142857144
MT,Liberty County,77.9
MT,Lincoln County,78.82000000000001
MT,Madison County,84.13333333333334
MT,McCone County,81.8
MT,Meagher County,75.8
MT,Mineral County,77.85
MT,Missoula County,79.13888888888889
MT,Musselshell County,77.85
MT,Park County,78.5
MT,Phillips County,78.6
MT,Pondera County,78.7
MT,Powder River County,77.9
MT,Powell County,77.95
MT,Prairie County,77.9
MT,Ravalli County,80.17
MT,Richland County,78.15
MT,Roosevelt County,75.8
MT,Rosebud County,79.525
MT,Sanders County,79.56666666666666
MT,Sheridan County,77.4
MT,Silver Bow County,75.70000000000002
MT,Stillwater County,79.76666666666667
MT,Sweet Grass County,79.8
MT,Teton County,83.8
MT,Toole County,78.35
MT,Valley County,76.8
MT,Wheatland County,80.8
MT,Wibaux County,77.9
MT,Yellowstone County,78.12903225806453
NC,Alamance County,77.94
NC,Alexander County,77.17142857142858
NC,Alleghany County,79.03333333333335
NC,Anson County,75.71666666666665
NC,Ashe County,77.48333333333333
NC,Avery County,79.16000000000001
NC,Beaufort County,75.49090909090908
NC,Bertie County,77.0
NC,Bladen County,76.85
NC,Brunswick County,77.12083333333334
NC,Buncombe County,77.93207547169813
NC,Burke County,76.74705882352941
NC,Cabarrus County,77.30270270270273
NC,Caldwell County,75.85625
NC,Camden County,81.05
NC,Carteret County,78.07187500000002
NC,Caswell County,75.71666666666667
NC,Catawba County,75.94333333333336
NC,Chatham County,82.09166666666667
NC,Cherokee County,76.17142857142856
NC,Chowan County,77.3
NC,Clay County,78.19999999999999
NC,Cleveland County,74.56190476190477
NC,Columbus County,74.16923076923078
NC,Craven County,76.60526315789475
NC,Cumberland County,75.09642857142856
NC,Currituck County,76.10000000000001
NC,Dare County,78.75555555555556
NC,Davidson County,75.946875
NC,Davie County,77.57142857142857
NC,Duplin County,79.5
NC,Durham County,78.5294117647059
NC,Edgecombe County,76.30714285714286
NC,Forsyth County,77.14545454545457
NC,Franklin County,77.05833333333334
NC,Gaston County,75.00172413793103
NC,Gates County,77.56666666666666
NC,Graham County,75.23333333333333
NC,Granville County,77.82727272727271
NC,Greene County,77.07499999999999
NC,Guilford County,78.17706422018351
NC,Halifax County,75.41818181818184
NC,Harnett County,76.73999999999998
NC,Haywood County,77.10714285714285
NC,Henderson County,79.35000000000001
NC,Hertford County,76.17999999999999
NC,Hoke County,76.65
NC,Hyde County,78.7
NC,Iredell County,76.96499999999999
NC,Jackson County,78.30000000000001
NC,Johnston County,77.16250000000001
NC,Jones County,77.10000000000001
NC,Lee County,75.94615384615385
NC,Lenoir County,74.2857142857143
NC,Lincoln County,77.27222222222224
NC,Macon County,78.04444444444444
NC,Madison County,78.66666666666667
NC,Martin County,77.08000000000001
NC,McDowell County,76.64
NC,Mecklenburg County,78.51632653061222
NC,Mitchell County,77.43333333333332
NC,Montgomery County,76.10000000000001
NC,Moore County,80.76874999999998
NC,Nash County,76.37222222222223
NC,New Hanover County,77.83783783783785
NC,Northampton County,76.96000000000001
NC,Onslow County,77.008
NC,Orange County,79.85000000000001
NC,Pamlico County,79.575
NC,Pasquotank County,76.18888888888888
NC,Pender County,77.23846153846154
NC,Perquimans County,77.0
NC,Person County,76.39999999999999
NC,Pitt County,77.71379310344828
NC,Polk County,79.48571428571428
NC,Randolph County,76.4642857142857
NC,Richmond County,74.38888888888887
NC,Robeson County,74.33333333333334
NC,Rockingham County,75.8047619047619
NC,Rowan County,74.97586206896553
NC,Rutherford County,75.31666666666666
NC,Sampson County,75.60000000000001
NC,Scotland County,75.58571428571429
NC,Stanly County,76.75384615384615
NC,Stokes County,77.23333333333333
NC,Surry County,76.59
NC,Swain County,75.525
NC,Transylvania County,79.88571428571429
NC,Tyrrell County,80.2
NC,Union County,78.3470588235294
NC,Vance County,74.21000000000001
NC,Wake County,80.25064102564097
NC,Warren County,76.12
NC,Washington County,77.26666666666667
NC,Watauga County,80.24999999999999
NC,Wayne County,75.5375
NC,Wilkes County,76.47692307692307
NC,Wilson County,77.28333333333335
NC,Yadkin County,76.1857142857143
NC,Yancey County,76.67999999999999
ND,Adams County,79.3
ND,Barnes County,78.95
ND,Benson County,73.35
ND,Billings County,79.6
ND,Bottineau County,81.33333333333333
ND,Bowman County,79.0
ND,Burke County,78.0
ND,Burleigh County,81.01111111111112
ND,Cass County,79.69032258064516
ND,Cavalier County,81.25
ND,Dickey County,80.93333333333334
ND,Divide County,85.1
ND,Dunn County,84.8
ND,Eddy County,72.2
ND,Emmons County,79.6
ND,Foster County,80.4
ND,Golden Valley County,80.9
ND,Grand Forks County,79.06
ND,Grant County,79.3
ND,Griggs County,80.0
ND,Hettinger County,77.0
ND,Kidder County,84.6
ND,LaMoure County,80.35
ND,Logan County,79.3
ND,McHenry County,79.19999999999999
ND,McIntosh County,80.3
ND,McKenzie County,81.49999999999999
ND,McLean County,79.35
ND,Mercer County,82.53333333333333
ND,Morton County,80.8
ND,Mountrail County,74.1
ND,Nelson County,77.6
ND,Oliver County,84.3
ND,Pembina County,81.17999999999999
ND,Pierce County,78.05000000000001
ND,Ramsey County,78.16666666666667
ND,Ransom County,77.8
ND,Renville County,78.1
ND,Richland County,81.08333333333333
ND,Rolette County,74.9
ND,Sargent County,81.69999999999999
ND,Sheridan County,77.6
ND,Sioux County,71.44999999999999
ND,Stark County,80.72499999999998
ND,Steele County,84.5
ND,Stutsman County,78.61666666666666
ND,Towner County,79.4
ND,Traill County,78.125
ND,Walsh County,78.23333333333333
ND,Ward County,78.9909090909091
ND,Wells County,78.75
ND,Williams County,78.3142857142857
NE,Adams County,79.21111111111111
NE,Antelope County,82.23333333333333
NE,Boone County,80.05000000000001
NE,Box Butte County,78.2
NE,Boyd County,79.2
NE,Brown County,81.6
NE,Buffalo County,80.81818181818181
NE,Burt County,77.33333333333333
NE,Butler County,79.5
NE,Cass County,78.8
NE,Cedar County,81.25
NE,Chase County,78.4
NE,Cherry County,78.5
NE,Cheyenne County,80.60000000000001
NE,Clay County,79.6
NE,Colfax County,80.73333333333333
NE,Cuming County,80.96666666666665
NE,Custer County,79.675
NE,Dakota County,78.30000000000001
NE,Dawes County,82.2
NE,Dawson County,79.64285714285714
NE,Deuel County,82.8
NE,Dixon County,80.55
NE,Dodge County,78.42222222222222
NE,Douglas County,77.83241379310346
NE,Dundy County,79.3
NE,Fillmore County,77.4
NE,Franklin County,80.55
NE,Frontier County,86.2
NE,Furnas County,78.8
NE,Gage County,77.55714285714286
NE,Garden County,78.4
NE,Garfield County,76.7
NE,Gosper County,78.4
NE,Greeley County,79.9
NE,Hall County,79.49285714285715
NE,Hamilton County,80.36666666666667
NE,Harlan County,81.1
NE,Hayes County,77.9
NE,Hitchcock County,78.8
NE,Holt County,79.425
NE,Howard County,83.94999999999999
NE,Jefferson County,76.33333333333333
NE,Johnson County,78.69999999999999
NE,Kearney County,78.3
NE,Keith County,77.06666666666666
NE,Kimball County,77.3
NE,Knox County,79.63333333333334
NE,Lancaster County,79.26615384615386
NE,Lincoln County,79.7125
NE,Logan County,77.6
NE,Madison County,79.66666666666667
NE,Merrick County,78.8
NE,Morrill County,78.5
NE,Nance County,76.7
NE,Nemaha County,77.4
NE,Nuckolls County,78.0
NE,Otoe County,78.80000000000001
NE,Pawnee County,80.1
NE,Perkins County,82.9
NE,Phelps County,80.06666666666666
NE,Pierce County,80.25
NE,Platte County,81.18571428571428
NE,Polk County,79.85
NE,Red Willow County,79.50000000000001
NE,Richardson County,79.56666666666666
NE,Rock County,77.0
NE,Saline County,77.425
NE,Sarpy County,80.18947368421054
NE,Saunders County,79.9
NE,Scotts Bluff County,78.89999999999999
NE,Seward County,79.07500000000002
NE,Sheridan County,80.1
NE,Sherman County,77.3
NE,Sioux County,86.6
NE,Stanton County,79.15
NE,Thayer County,78.85
NE,Thurston County,81.69999999999999
NE,Valley County,79.69999999999999
NE,Washington County,81.3
NE,Wayne County,81.65
NE,Webster County,77.35
NE,Wheeler County,77.6
NE,York County,79.5
NH,Belknap County,80.21428571428574
NH,Carroll County,82.52727272727273
NH,Cheshire County,80.42
NH,Coos County,78.80000000000001
NH,Grafton County,81.67894736842106
NH,Hillsborough County,79.05975609756098
NH,Merrimack County,79.50285714285712
NH,Rockingham County,80.5873015873016
NH,Strafford County,79.51363636363638
NH,Sullivan County,80.00000000000001
NJ,Atlantic County,77.55
NJ,Bergen County,82.34943181818177
NJ,Burlington County,78.78921568627453
NJ,Camden County,77.80560000000004
NJ,Cape May County,78.34
NJ,Cumberland County,76.32903225806453
NJ,Essex County,78.11300000000003
NJ,Gloucester County,77.635
NJ,Hudson County,79.79403973509932
NJ,Hunterdon County,82.604
NJ,Mercer County,78.86027397260273
NJ,Middlesex County,80.70182926829273
NJ,Monmouth County,79.84626865671646
NJ,Morris County,82.0295918367347
NJ,Ocean County,78.41743119266054
NJ,Passaic County,79.26842105263157
NJ,Salem County,76.97500000000001
NJ,Somerset County,81.79076923076926
NJ,Sussex County,79.69210526315788
NJ,Union County,80.15377358490565
NJ,Warren County,79.94999999999999
NM,Bernalillo County,78.53669064748205
NM,Catron County,78.7
NM,Chaves County,77.16875
NM,Cibola County,76.97142857142858
NM,Colfax County,81.53333333333333
NM,Curry County,76.64545454545454
NM,De Baca County,76.5
NM,Doa Ana County,79.48205128205126
NM,Eddy County,75.74999999999999
NM,Grant County,80.25
NM,Guadalupe County,84.0
NM,Hidalgo County,79.75
NM,Lea County,76.94375
NM,Lincoln County,81.675
NM,Los Alamos County,83.16666666666667
NM,Luna County,76.76666666666667
NM,McKinley County,76.07499999999999
NM,Mora County,77.7
NM,Otero County,77.43076923076923
NM,Quay County,75.89999999999999
NM,Rio Arriba County,79.25
NM,Roosevelt County,78.3
NM,San Juan County,78.39090909090908
NM,San Miguel County,77.77142857142857
NM,Sandoval County,79.3076923076923
NM,Santa Fe County,80.49111111111111
NM,Sierra County,75.525
NM,Socorro County,77.35
NM,Taos County,81.41666666666667
NM,Torrance County,81.32499999999999
NM,Union County,78.5
NM,Valencia County,77.61764705882352
NV,Carson City,77.5
NV,Churchill County,78.06666666666666
NV,Clark County,77.28933649289093
NV,Douglas County,79.76666666666667
NV,Elko County,78.11428571428571
NV,Eureka County,81.4
NV,Humboldt County,77.9
NV,Lander County,79.8
NV,Lincoln County,78.85
NV,Lyon County,78.0375
NV,Mineral County,80.3
NV,Nye County,75.00000000000001
NV,Pershing County,79.6
NV,Storey County,80.6
NV,Washoe County,78.19468085106384
NV,White Pine County,78.86666666666666
NY,Albany County,79.4820895522388
NY,Allegany County,81.26666666666667
NY,Broome County,79.32244897959184
NY,Cattaraugus County,79.4
NY,Cayuga County,80.92631578947369
NY,Chautauqua County,78.85294117647061
NY,Chemung County,77.56666666666668
NY,Chenango County,80.56666666666665
NY,Clinton County,79.63749999999997
NY,Columbia County,81.76500000000001
NY,Cortland County,80.24545454545455
NY,Delaware County,81.43846153846154
NY,Dutchess County,80.55675675675678
NY,Erie County,77.66696832579181
NY,Essex County,81.03846153846153
NY,Franklin County,79.28571428571429
NY,Fulton County,79.52666666666666
NY,Genesee County,79.8142857142857
NY,Greene County,80.39285714285714
NY,Hamilton County,79.25
NY,Herkimer County,79.58421052631577
NY,Jefferson County,80.05909090909091
NY,Lewis County,84.74285714285715
NY,Livingston County,81.16153846153846
NY,Madison County,81.9
NY,Monroe County,79.30113636363639
NY,Montgomery County,79.32666666666667
NY,Nassau County,82.36617100371741
NY,Niagara County,77.13620689655173
NY,Oneida County,78.75781249999999
NY,Onondaga County,79.4015384615385
NY,Ontario County,80.244
NY,Orange County,80.21866666666668
NY,Orleans County,78.26
NY,Oswego County,79.65714285714284
NY,Otsego County,81.07333333333334
NY,Putnam County,81.85294117647058
NY,Rensselaer County,79.05121951219513
NY,Rockland County,82.31250000000003
NY,Saratoga County,81.69166666666666
NY,Schenectady County,78.84186046511628
NY,Schoharie County,81.91428571428571
NY,Schuyler County,81.14
NY,Seneca County,80.65
NY,St. Lawrence County,81.07999999999998
NY,Steuben County,79.78620689655172
NY,Suffolk County,80.6804560260586
NY,Sullivan County,79.99565217391304
NY,Tioga County,80.54999999999998
NY,Tompkins County,81.31176470588235
NY,Ulster County,80.21707317073171
NY,Warren County,79.66111111111111
NY,Washington County,81.43529411764706
NY,Wayne County,80.11428571428571
NY,Westchester County,82.36874999999999
NY,Wyoming County,79.37272727272727
NY,Yates County,80.58
OH,Adams County,74.02000000000001
OH,Allen County,76.88333333333335
OH,Ashland County,77.91818181818181
OH,Ashtabula County,75.79599999999999
OH,Athens County,76.85833333333333
OH,Auglaize County,78.44545454545455
OH,Belmont County,75.64999999999999
OH,Brown County,75.07777777777778
OH,Butler County,76.1902777777778
OH,Carroll County,77.47142857142856
OH,Champaign County,76.97777777777779
OH,Clark County,74.31463414634146
OH,Clermont County,77.6236842105263
OH,Clinton County,75.23333333333333
OH,Columbiana County,76.175
OH,Coshocton County,77.03
OH,Crawford County,76.10000000000001
OH,Cuyahoga County,76.2506203473945
OH,Darke County,78.60833333333333
OH,Defiance County,77.76666666666667
OH,Delaware County,79.83529411764708
OH,Erie County,76.5888888888889
OH,Fairfield County,78.36785714285715
OH,Fayette County,74.98571428571428
OH,Franklin County,76.2471074380165
OH,Fulton County,78.72222222222223
OH,Gallia County,73.92857142857143
OH,Geauga County,80.50000000000001
OH,Greene County,78.3
OH,Guernsey County,76.28999999999999
OH,Hamilton County,76.135960591133
OH,Hancock County,78.60000000000001
OH,Hardin County,77.60000000000001
OH,Harrison County,77.35999999999999
OH,Henry County,80.3
OH,Highland County,75.16666666666667
OH,Hocking County,77.24285714285715
OH,Holmes County,83.0
OH,Huron County,77.13076923076923
OH,Jackson County,73.48571428571428
OH,Jefferson County,74.17391304347827
OH,Knox County,77.175
OH,Lake County,78.00714285714285
OH,Lawrence County,74.22500000000001
OH,Licking County,77.0290322580645
OH,Logan County,76.91818181818181
OH,Lorain County,76.86666666666667
OH,Lucas County,75.12357723577237
OH,Madison County,76.59090909090908
OH,Mahoning County,75.20882352941175
OH,Marion County,75.02941176470587
OH,Medina County,79.4888888888889
OH,Meigs County,76.75
OH,Mercer County,78.93333333333334
OH,Miami County,77.67142857142856
OH,Monroe County,77.67500000000001
OH,Montgomery County,75.34861111111111
OH,Morgan County,76.57499999999999
OH,Morrow County,77.06666666666666
OH,Muskingum County,76.07894736842107
OH,Noble County,78.5
OH,Ottawa County,78.6
OH,Paulding County,77.64000000000001
OH,Perry County,77.2
OH,Pickaway County,75.60000000000001
OH,Pike County,73.64999999999999
OH,Portage County,77.66969696969699
OH,Preble County,76.53333333333335
OH,Putnam County,80.57142857142857
OH,Richland County,75.37241379310345
OH,Ross County,74.75625000000001
OH,Sandusky County,77.57333333333332
OH,Scioto County,73.57000000000001
OH,Seneca County,78.37142857142858
OH,Shelby County,78.74999999999999
OH,Stark County,76.91411764705883
OH,Summit County,76.4356589147287
OH,Trumbull County,75.65818181818179
OH,Tuscarawas County,78.31428571428572
OH,Union County,78.27777777777777
OH,Van Wert County,77.11111111111111
OH,Vinton County,75.16666666666667
OH,Warren County,78.98437499999999
OH,Washington County,76.72500000000001
OH,Wayne County,78.56129032258065
OH,Williams County,79.35555555555555
OH,Wood County,78.84800000000001
OH,Wyandot County,80.73333333333333
OK,Adair County,75.34
OK,Alfalfa County,78.76666666666667
OK,Atoka County,77.05
OK,Beaver County,78.3
OK,Beckham County,74.9
OK,Blaine County,74.92
OK,Bryan County,76.91818181818181
OK,Caddo County,79.71249999999999
OK,Canadian County,77.22962962962964
OK,Carter County,74.28181818181817
OK,Cherokee County,74.76666666666667
OK,Choctaw County,73.88
OK,Cimarron County,82.45
OK,Cleveland County,76.62884615384615
OK,Coal County,75.0
OK,Comanche County,74.76428571428572
OK,Cotton County,78.15
OK,Craig County,75.64
OK,Creek County,75.27619047619048
OK,Custer County,76.42
OK,Delaware County,75.72222222222223
OK,Dewey County,78.2
OK,Ellis County,79.35
OK,Garfield County,76.275
OK,Garvin County,73.9
OK,Grady County,77.06666666666666
OK,Grant County,76.65
OK,Greer County,78.6
OK,Harmon County,79.1
OK,Harper County,83.35
OK,Haskell County,79.1
OK,Hughes County,73.42
OK,Jackson County,75.86250000000001
OK,Jefferson County,75.93333333333332
OK,Johnston County,78.73333333333333
OK,Kay County,74.83636363636364
OK,Kingfisher County,80.69999999999999
OK,Kiowa County,72.2
OK,Latimer County,76.56666666666666
OK,Le Flore County,74.41666666666667
OK,Lincoln County,76.67142857142858
OK,Logan County,77.9875
OK,Love County,76.1
OK,Major County,76.86666666666666
OK,Marshall County,77.825
OK,Mayes County,76.10000000000001
OK,McClain County,76.35
OK,McCurtain County,75.64999999999999
OK,McIntosh County,69.71666666666665
OK,Murray County,76.89999999999999
OK,Muskogee County,73.5375
OK,Noble County,75.9
OK,Nowata County,75.35
OK,Okfuskee County,77.4
OK,Oklahoma County,75.36697674418608
OK,Okmulgee County,73.78999999999999
OK,Osage County,77.6
OK,Ottawa County,74.01111111111112
OK,Pawnee County,76.38000000000001
OK,Payne County,77.00666666666667
OK,Pittsburg County,75.89166666666667
OK,Pontotoc County,75.28
OK,Pottawatomie County,74.00625000000002
OK,Pushmataha County,78.46666666666667
OK,Roger Mills County,82.4
OK,Rogers County,76.47142857142856
OK,Seminole County,75.94444444444444
OK,Sequoyah County,75.33333333333334
OK,Stephens County,75.1909090909091
OK,Texas County,79.14
OK,Tillman County,75.1
OK,Tulsa County,76.0732142857142
OK,Wagoner County,76.02000000000001
OK,Washington County,76.5923076923077
OK,Washita County,79.975
OK,Woods County,76.73333333333333
OK,Woodward County,75.55999999999999
OR,Baker County,77.60000000000001
OR,Benton County,81.91538461538462
OR,Clackamas County,79.89740259740257
OR,Clatsop County,77.9909090909091
OR,Columbia County,78.72
OR,Coos County,76.20833333333333
OR,Crook County,77.25
OR,Curry County,75.85
OR,Deschutes County,79.91363636363636
OR,Douglas County,76.87272727272729
OR,Gilliam County,80.5
OR,Grant County,81.4
OR,Harney County,77.8
OR,Hood River County,81.3
OR,Jackson County,78.34
OR,Jefferson County,78.0
OR,Josephine County,76.85625
OR,Klamath County,77.63000000000002
OR,Lake County,79.15
OR,Lane County,78.76455696202531
OR,Lincoln County,77.91176470588235
OR,Linn County,77.88571428571429
OR,Malheur County,77.77142857142857
OR,Marion County,79.30877192982456
OR,Morrow County,80.5
OR,Multnomah County,78.87278481012662
OR,Polk County,79.26363636363637
OR,Sherman County,81.7
OR,Tillamook County,78.325
OR,Umatilla County,78.9714285714286
OR,Union County,78.41250000000001
OR,Wallowa County,78.89999999999999
OR,Wasco County,77.88750000000002
OR,Washington County,81.2010101010101
OR,Wheeler County,78.2
OR,Yamhill County,79.61176470588236
PA,Adams County,79.99545454545456
PA,Allegheny County,77.23613445378145
PA,Armstrong County,77.78947368421053
PA,Beaver County,77.20399999999998
PA,Bedford County,78.58181818181818
PA,Berks County,78.46477272727273
PA,Blair County,77.53823529411764
PA,Bradford County,79.19285714285715
PA,Bucks County,79.60857142857147
PA,Butler County,78.86744186046512
PA,Cambria County,77.34358974358975
PA,Cameron County,79.4
PA,Carbon County,77.00833333333331
PA,Centre County,81.78260869565216
PA,Chester County,80.77272727272727
PA,Clarion County,79.17999999999999
PA,Clearfield County,78.12
PA,Clinton County,79.16666666666666
PA,Columbia County,78.4142857142857
PA,Crawford County,77.71363636363635
PA,Cumberland County,79.81304347826087
PA,Dauphin County,78.06923076923076
PA,Delaware County,77.65971223021579
PA,Elk County,78.33333333333331
PA,Erie County,77.30303030303034
PA,Fayette County,76.33714285714285
PA,Forest County,76.0
PA,Franklin County,80.05555555555556
PA,Fulton County,76.96666666666668
PA,Greene County,77.83333333333333
PA,Huntingdon County,79.95833333333334
PA,Indiana County,78.82000000000001
PA,Jefferson County,77.74615384615385
PA,Juniata County,79.38
PA,Lackawanna County,76.66491228070177
PA,Lancaster County,79.84183673469389
PA,Lawrence County,76.98928571428571
PA,Lebanon County,78.94838709677421
PA,Lehigh County,79.35
PA,Luzerne County,76.52828282828283
PA,Lycoming County,79.07037037037036
PA,McKean County,77.05000000000001
PA,Mercer County,77.26785714285712
PA,Mifflin County,78.59166666666665
PA,Monroe County,79.59333333333332
PA,Montgomery County,80.24660194174756
PA,Montour County,79.375
PA,Northampton County,79.680303030303
PA,Northumberland County,77.03333333333333
PA,Perry County,77.17
PA,Philadelphia County,75.37971830985911
PA,Pike County,80.47999999999999
PA,Potter County,79.72
PA,Schuylkill County,76.29230769230767
PA,Snyder County,81.17142857142858
PA,Somerset County,78.05714285714286
PA,Sullivan County,76.95
PA,Susquehanna County,79.26363636363637
PA,Tioga County,78.57
PA,Union County,80.55714285714286
PA,Venango County,77.27499999999999
PA,Warren County,78.53076923076922
PA,Washington County,76.98596491228072
PA,Wayne County,77.73333333333333
PA,Westmoreland County,77.95510204081634
PA,Wyoming County,79.38571428571429
PA,York County,78.36250000000001
RI,Bristol County,80.69999999999999
RI,Kent County,78.8702702702703
RI,Newport County,80.51500000000001
RI,Providence County,78.52857142857147
RI,Washington County,80.64
SC,Abbeville County,77.64999999999999
SC,Aiken County,77.07999999999998
SC,Allendale County,72.5
SC,Anderson County,76.52051282051282
SC,Bamberg County,75.60000000000001
SC,Barnwell County,75.74000000000001
SC,Beaufort County,80.01875000000001
SC,Berkeley County,76.95526315789475
SC,Calhoun County,75.93333333333334
SC,Charleston County,77.61599999999999
SC,Cherokee County,74.18461538461538
SC,Chester County,73.75454545454546
SC,Chesterfield County,75.42
SC,Clarendon County,75.39999999999999
SC,Colleton County,73.53333333333332
SC,Darlington County,73.45333333333333
SC,Dillon County,75.05
SC,Dorchester County,78.00434782608696
SC,Edgefield County,77.05
SC,Fairfield County,76.25
SC,Florence County,74.50625000000002
SC,Georgetown County,76.26428571428572
SC,Greenville County,77.543119266055
SC,Greenwood County,77.88571428571429
SC,Hampton County,75.72
SC,Horry County,77.03432835820895
SC,Jasper County,75.85000000000001
SC,Kershaw County,75.38000000000002
SC,Lancaster County,75.46153846153845
SC,Laurens County,75.45333333333332
SC,Lee County,73.28333333333332
SC,Lexington County,77.73943661971829
SC,Marion County,73.75
SC,Marlboro County,73.72857142857143
SC,McCormick County,77.44999999999999
SC,Newberry County,77.3875
SC,Oconee County,76.05
SC,Orangeburg County,74.33333333333334
SC,Pickens County,75.53478260869566
SC,Richland County,76.78356164383561
SC,Saluda County,78.2
SC,Spartanburg County,76.24179104477612
SC,Sumter County,75.26666666666667
SC,Union County,73.48888888888888
SC,Williamsburg County,73.17999999999999
SC,York County,77.17555555555556
SD,Aurora County,83.5
SD,Beadle County,78.76666666666667
SD,Bennett County,76.25
SD,Bon Homme County,83.75
SD,Brookings County,80.01666666666667
SD,Brown County,79.7375
SD,Brule County,78.9
SD,Buffalo County,74.8
SD,Butte County,81.9
SD,Campbell County,81.6
SD,Charles Mix County,80.26666666666667
SD,Clark County,80.9
SD,Clay County,78.86666666666666
SD,Codington County,82.47142857142856
SD,Corson County,78.5
SD,Custer County,80.15
SD,Davison County,80.875
SD,Day County,78.66666666666667
SD,Deuel County,83.55
SD,Dewey County,78.80000000000001
SD,Douglas County,82.7
SD,Edmunds County,81.1
SD,Fall River County,76.75
SD,Faulk County,81.8
SD,Grant County,81.55000000000001
SD,Gregory County,76.6
SD,Haakon County,81.9
SD,Hamlin County,81.7
SD,Hand County,81.25
SD,Harding County,84.1
SD,Hughes County,79.85
SD,Hutchinson County,80.53333333333333
SD,Hyde County,80.8
SD,Jackson County,80.2
SD,Jerauld County,80.5
SD,Kingsbury County,79.35
SD,Lake County,83.53333333333335
SD,Lawrence County,79.26
SD,Lincoln County,80.75
SD,Lyman County,82.35
SD,McCook County,77.35
SD,McPherson County,80.4
SD,Meade County,81.0
SD,Mellette County,77.2
SD,Miner County,79.4
SD,Minnehaha County,79.225
SD,Moody County,77.2
SD,Pennington County,79.31363636363635
SD,Perkins County,78.2
SD,Potter County,80.2
SD,Roberts County,77.625
SD,Sanborn County,79.2
SD,Spink County,81.23333333333333
SD,Stanley County,80.9
SD,Sully County,79.4
SD,Todd County,74.69999999999999
SD,Tripp County,80.55
SD,Turner County,80.1
SD,Union County,80.66666666666667
SD,Walworth County,78.55000000000001
SD,Yankton County,79.58
SD,Ziebach County,75.2
TN,Anderson County,76.4875
TN,Bedford County,76.33333333333333
TN,Benton County,72.78
TN,Bledsoe County,76.56666666666668
TN,Blount County,76.51904761904761
TN,Bradley County,75.19473684210527
TN,Campbell County,72.84
TN,Cannon County,74.8
TN,Carroll County,74.44285714285715
TN,Carter County,75.02941176470588
TN,Cheatham County,75.0
TN,Chester County,75.10000000000001
TN,Claiborne County,73.5625
TN,Clay County,73.05
TN,Cocke County,72.7
TN,Coffee County,74.4090909090909
TN,Crockett County,74.6
TN,Cumberland County,75.73076923076923
TN,Davidson County,76.50785714285719
TN,DeKalb County,73.325
TN,Decatur County,76.3
TN,Dickson County,75.76
TN,Dyer County,75.48750000000001
TN,Fayette County,76.06363636363635
TN,Fentress County,73.82499999999999
TN,Franklin County,75.24999999999999
TN,Gibson County,74.41538461538461
TN,Giles County,74.8
TN,Grainger County,73.3
TN,Greene County,74.91538461538461
TN,Grundy County,74.04999999999998
TN,Hamblen County,74.43333333333332
TN,Hamilton County,76.28108108108107
TN,Hancock County,72.65
TN,Hardeman County,73.98333333333333
TN,Hardin County,73.43333333333332
TN,Hawkins County,74.19166666666668
TN,Haywood County,74.16666666666667
TN,Henderson County,73.23333333333333
TN,Henry County,73.36666666666666
TN,Hickman County,74.16
TN,Houston County,74.16666666666667
TN,Humphreys County,75.14
TN,Jackson County,72.35
TN,Jefferson County,75.52499999999999
TN,Johnson County,73.72
TN,Knox County,76.04699999999998
TN,Lake County,73.5
TN,Lauderdale County,74.0625
TN,Lawrence County,74.96363636363635
TN,Lewis County,75.75
TN,Lincoln County,75.41111111111111
TN,Loudon County,76.10999999999999
TN,Macon County,74.0
TN,Madison County,74.97999999999999
TN,Marion County,74.36666666666666
TN,Marshall County,75.32
TN,Maury County,76.62941176470588
TN,McMinn County,74.82222222222221
TN,McNairy County,73.65714285714284
TN,Meigs County,72.73333333333333
TN,Monroe County,75.05714285714285
TN,Montgomery County,75.52083333333333
TN,Moore County,78.2
TN,Morgan County,73.975
TN,Obion County,75.1
TN,Overton County,73.52857142857144
TN,Perry County,75.55
TN,Pickett County,76.5
TN,Polk County,74.22
TN,Putnam County,75.86153846153846
TN,Rhea County,74.78333333333335
TN,Roane County,74.53999999999999
TN,Robertson County,75.25000000000001
TN,Rutherford County,77.35813953488373
TN,Scott County,72.2
TN,Sequatchie County,76.06666666666666
TN,Sevier County,75.8235294117647
TN,Shelby County,74.79484536082475
TN,Smith County,73.93999999999998
TN,Stewart County,74.56666666666668
TN,Sullivan County,75.35135135135135
TN,Sumner County,77.09714285714283
TN,Tipton County,74.91666666666667
TN,Trousdale County,72.25
TN,Unicoi County,75.15
TN,Union County,73.35
TN,Van Buren County,73.4
TN,Warren County,73.56666666666666
TN,Washington County,75.73636363636363
TN,Wayne County,74.125
TN,Weakley County,76.10000000000001
TN,White County,73.64999999999999
TN,Williamson County,81.23125000000002
TN,Wilson County,76.96315789473684
TX,Anderson County,77.45555555555556
TX,Andrews County,75.975
TX,Angelina County,76.0
TX,Aransas County,76.32
TX,Archer County,78.36666666666666
TX,Armstrong County,86.2
TX,Atascosa County,77.96249999999999
TX,Austin County,78.86666666666666
TX,Bailey County,80.5
TX,Bandera County,80.34
TX,Bastrop County,77.78
TX,Baylor County,74.4
TX,Bee County,76.11666666666667
TX,Bell County,76.74615384615385
TX,Bexar County,77.78031250000004
TX,Blanco County,78.15
TX,Bosque County,77.11666666666667
TX,Bowie County,75.1222222222222
TX,Brazoria County,77.65714285714284
TX,Brazos County,78.51999999999997
TX,Brewster County,81.76666666666667
TX,Briscoe County,84.4
TX,Brooks County,76.45
TX,Brown County,74.87500000000001
TX,Burleson County,78.25999999999999
TX,Burnet County,78.58749999999999
TX,Caldwell County,77.89999999999999
TX,Calhoun County,78.4
TX,Callahan County,76.43333333333334
TX,Cameron County,79.01566265060238
TX,Camp County,76.13333333333334
TX,Carson County,83.80000000000001
TX,Cass County,76.38571428571429
TX,Castro County,76.9
TX,Chambers County,77.86000000000001
TX,Cherokee County,76.45
TX,Childress County,78.4
TX,Clay County,77.7
TX,Cochran County,76.3
TX,Coke County,81.2
TX,Coleman County,77.46666666666665
TX,Collin County,80.54999999999998
TX,Collingsworth County,76.3
TX,Colorado County,79.47999999999999
TX,Comal County,79.13636363636364
TX,Comanche County,79.725
TX,Concho County,86.8
TX,Cooke County,76.2625
TX,Coryell County,75.94615384615385
TX,Cottle County,79.8
TX,Crane County,76.8
TX,Crockett County,79.2
TX,Crosby County,77.86666666666667
TX,Culberson County,77.2
TX,Dallam County,77.25
TX,Dallas County,77.7937768240343
TX,Dawson County,78.425
TX,DeWitt County,78.16
TX,Deaf Smith County,78.35
TX,Delta County,75.1
TX,Denton County,79.58888888888886
TX,Dickens County,79.9
TX,Dimmit County,78.4
TX,Donley County,79.1
TX,Duval County,81.7
TX,Eastland County,75.62
TX,Ector County,75.10000000000001
TX,Edwards County,80.5
TX,El Paso County,78.50482758620693
TX,Ellis County,77.77000000000001
TX,Erath County,79.7125
TX,Falls County,76.43333333333332
TX,Fannin County,76.67777777777778
TX,Fayette County,79.15714285714284
TX,Fisher County,77.85
TX,Floyd County,77.8
TX,Foard County,82.2
TX,Fort Bend County,80.34927536231883
TX,Franklin County,76.46666666666665
TX,Freestone County,76.11428571428571
TX,Frio County,76.93333333333334
TX,Gaines County,78.4
TX,Galveston County,76.84827586206896
TX,Garza County,75.8
TX,Gillespie County,80.46000000000001
TX,Glasscock County,81.2
TX,Goliad County,79.6
TX,Gonzales County,78.18333333333334
TX,Gray County,76.15714285714286
TX,Grayson County,75.35000000000001
TX,Gregg County,75.51666666666665
TX,Grimes County,78.75
TX,Guadalupe County,79.04827586206896
TX,Hale County,77.82222222222222
TX,Hall County,75.7
TX,Hamilton County,78.56666666666668
TX,Hansford County,78.8
TX,Hardeman County,77.4
TX,Hardin County,76.16363636363636
TX,Harris County,77.9546875
TX,Harrison County,75.86666666666667
TX,Hartley County,83.5
TX,Haskell County,79.25
TX,Hays County,78.84285714285713
TX,Hemphill County,80.2
TX,Henderson County,75.45333333333333
TX,Hidalgo County,80.34770642201839
TX,Hill County,76.21000000000001
TX,Hockley County,76.85714285714286
TX,Hood County,77.47
TX,Hopkins County,76.65555555555557
TX,Houston County,77.15714285714286
TX,Howard County,73.76
TX,Hudspeth County,77.2
TX,Hunt County,76.02105263157895
TX,Hutchinson County,74.60000000000001
TX,Irion County,79.2
TX,Jack County,76.8
TX,Jackson County,78.73333333333333
TX,Jasper County,75.23750000000001
TX,Jeff Davis County,82.2
TX,Jefferson County,74.95692307692309
TX,Jim Hogg County,76.1
TX,Jim Wells County,76.62857142857145
TX,Johnson County,76.98518518518516
TX,Jones County,73.45
TX,Karnes County,79.275
TX,Kaufman County,76.43750000000001
TX,Kendall County,81.13333333333334
TX,Kerr County,78.44
TX,Kimble County,81.69999999999999
TX,Kleberg County,76.58000000000001
TX,Knox County,77.05000000000001
TX,La Salle County,79.2
TX,Lamar County,74.39166666666665
TX,Lamb County,77.08
TX,Lampasas County,78.475
TX,Lavaca County,78.98333333333333
TX,Lee County,78.30000000000001
TX,Leon County,81.93333333333334
TX,Liberty County,76.1076923076923
TX,Limestone County,76.3
TX,Lipscomb County,81.25
TX,Live Oak County,78.65
TX,Llano County,78.84
TX,Lubbock County,76.93275862068964
TX,Lynn County,78.66666666666667
TX,Madison County,74.93333333333334
TX,Marion County,72.53333333333335
TX,Martin County,84.19999999999999
TX,Mason County,83.2
TX,Matagorda County,76.35999999999999
TX,Maverick County,78.4888888888889
TX,McCulloch County,78.46666666666665
TX,McLennan County,76.79555555555555
TX,Medina County,79.7
TX,Menard County,86.4
TX,Midland County,78.12307692307695
TX,Milam County,77.58571428571427
TX,Mills County,80.8
TX,Mitchell County,79.1
TX,Montague County,75.24000000000001
TX,Montgomery County,78.0298245614035
TX,Moore County,78.55
TX,Morris County,77.73333333333333
TX,Motley County,75.7
TX,Nacogdoches County,75.92727272727272
TX,Navarro County,77.47
TX,Newton County,76.825
TX,Nolan County,75.64000000000001
TX,Nueces County,77.3027397260274
TX,Ochiltree County,78.4
TX,Oldham County,79.0
TX,Orange County,74.47
TX,Palo Pinto County,76.4
TX,Panola County,76.26666666666667
TX,Parker County,77.40526315789474
TX,Parmer County,79.3
TX,Pecos County,77.8
TX,Polk County,74.22222222222223
TX,Potter County,74.75483870967743
TX,Presidio County,78.85
TX,Rains County,80.45
TX,Randall County,78.13749999999997
TX,Reagan County,77.5
TX,Real County,78.3
TX,Red River County,75.89999999999999
TX,Reeves County,77.22
TX,Refugio County,76.75
TX,Roberts County,78.6
TX,Robertson County,78.775
TX,Rockwall County,78.99090909090908
TX,Runnels County,78.575
TX,Rusk County,76.21538461538462
TX,Sabine County,75.8
TX,San Augustine County,74.13333333333333
TX,San Jacinto County,74.60000000000001
TX,San Patricio County,77.10624999999999
TX,San Saba County,79.55
TX,Schleicher County,85.3
TX,Scurry County,76.30000000000001
TX,Shackelford County,80.3
TX,Shelby County,75.18333333333334
TX,Sherman County,87.3
TX,Smith County,77.3425
TX,Somervell County,78.65
TX,Starr County,77.3923076923077
TX,Stephens County,76.63333333333333
TX,Sterling County,84.0
TX,Stonewall County,76.7
TX,Sutton County,79.6
TX,Swisher County,80.60000000000001
TX,Tarrant County,77.54339622641511
TX,Taylor County,75.3
TX,Terrell County,79.6
TX,Terry County,76.2
TX,Throckmorton County,78.4
TX,Titus County,76.5375
TX,Tom Green County,77.25652173913043
TX,Travis County,79.77087912087912
TX,Trinity County,77.14
TX,Tyler County,77.12
TX,Upshur County,75.98571428571428
TX,Upton County,80.25
TX,Uvalde County,78.67999999999999
TX,Val Verde County,78.94444444444444
TX,Van Zandt County,77.80999999999999
TX,Victoria County,77.46818181818183
TX,Walker County,77.425
TX,Waller County,80.1
TX,Ward County,77.56666666666666
TX,Washington County,78.6
TX,Webb County,78.62962962962962
TX,Wharton County,77.60000000000001
TX,Wheeler County,77.0
TX,Wichita County,74.46363636363637
TX,Wilbarger County,75.63333333333334
TX,Willacy County,78.75
TX,Williamson County,79.35256410256413
TX,Wilson County,79.85999999999999
TX,Winkler County,75.56666666666666
TX,Wise County,78.42000000000002
TX,Wood County,76.0
TX,Yoakum County,78.5
TX,Young County,75.27499999999999
TX,Zapata County,78.76666666666667
TX,Zavala County,77.575
UT,Beaver County,80.19999999999999
UT,Box Elder County,79.22727272727273
UT,Cache County,80.65652173913045
UT,Carbon County,75.62
UT,Davis County,80.31836734693877
UT,Duchesne County,80.7
UT,Emery County,81.86666666666666
UT,Garfield County,86.25
UT,Grand County,77.1
UT,Iron County,79.1857142857143
UT,Juab County,79.05
UT,Kane County,82.1
UT,Millard County,82.5
UT,Morgan County,78.4
UT,Piute County,77.4
UT,Rich County,79.0
UT,Salt Lake County,78.8758974358974
UT,San Juan County,76.875
UT,Sanpete County,79.6
UT,Sevier County,78.96
UT,Summit County,81.57142857142857
UT,Tooele County,77.8375
UT,Uintah County,78.60000000000001
UT,Utah County,79.94910714285712
UT,Wasatch County,79.525
UT,Washington County,81.05714285714286
UT,Wayne County,89.3
UT,Weber County,77.55400000000002
VA,Accomack County,76.88749999999999
VA,Albemarle County,81.025
VA,Alexandria city,81.35454545454544
VA,Alleghany County,76.78333333333333
VA,Amelia County,76.25
VA,Amherst County,76.6625
VA,Appomattox County,77.2
VA,Arlington County,82.04651162790698
VA,Augusta County,78.30769230769232
VA,Bath County,77.4
VA,Bedford County,77.66874999999999
VA,Bland County,74.85
VA,Botetourt County,78.025
VA,Bristol city,73.775
VA,Brunswick County,75.95
VA,Buchanan County,74.18571428571428
VA,Buckingham County,77.825
VA,Buena Vista city,73.7
VA,Campbell County,76.49090909090908
VA,Caroline County,76.25714285714285
VA,Carroll County,76.4
VA,Charles City County,76.83333333333333
VA,Charlotte County,77.3
VA,Charlottesville city,79.10999999999999
VA,Chesapeake city,77.374358974359
VA,Chesterfield County,78.97777777777777
VA,Clarke County,80.10000000000001
VA,Colonial Heights city,76.88
VA,Covington city,75.95
VA,Craig County,79.5
VA,Culpeper County,78.2
VA,Cumberland County,76.95
VA,Danville city,73.02142857142857
VA,Dickenson County,73.6
VA,Dinwiddie County,76.03999999999999
VA,Emporia city,71.35
VA,Essex County,78.0
VA,Fairfax County,82.58761467889907
VA,Fairfax city,82.6
VA,Falls Church city,83.8
VA,Fauquier County,79.26875
VA,Floyd County,78.06666666666666
VA,Fluvanna County,80.0
VA,Franklin County,76.81
VA,Franklin city,74.5
VA,Frederick County,78.53846153846153
VA,Fredericksburg city,78.96
VA,Galax city,75.15
VA,Giles County,76.0
VA,Gloucester County,77.73750000000001
VA,Goochland County,78.475
VA,Grayson County,76.9
VA,Greene County,80.5
VA,Greensville County,72.25
VA,Halifax County,75.92222222222222
VA,Hampton city,75.56551724137931
VA,Hanover County,78.66363636363634
VA,Harrisonburg city,79.82499999999999
VA,Henrico County,78.67966101694917
VA,Henry County,74.42857142857143
VA,Highland County,77.6
VA,Hopewell city,72.7
VA,Isle of Wight County,77.45
VA,James City County,81.13636363636364
VA,King George County,78.86
VA,King William County,75.925
VA,King and Queen County,78.5
VA,Lancaster County,78.4
VA,Lee County,77.0
VA,Lexington city,78.6
VA,Loudoun County,81.86222222222224
VA,Louisa County,77.56666666666666
VA,Lunenburg County,76.00000000000001
VA,Lynchburg city,76.32666666666667
VA,Madison County,78.2
VA,Manassas Park city,80.35
VA,Manassas city,80.3
VA,Martinsville city,73.75
VA,Mathews County,82.0
VA,Mecklenburg County,76.375
VA,Middlesex County,77.95000000000002
VA,Montgomery County,78.04545454545455
VA,Nelson County,77.76666666666667
VA,New Kent County,77.76666666666667
VA,Newport News city,76.20526315789475
VA,Norfolk city,75.2348484848485
VA,Northampton County,82.03333333333335
VA,Northumberland County,78.60000000000001
VA,Norton city,72.7
VA,Nottoway County,76.16666666666667
VA,Orange County,78.46
VA,Page County,76.17999999999999
VA,Patrick County,74.925
VA,Petersburg city,72.28181818181817
VA,Pittsylvania County,75.88125000000001
VA,Poquoson city,79.5
VA,Portsmouth city,73.07307692307691
VA,Powhatan County,79.35
VA,Prince Edward County,74.73333333333333
VA,Prince George County,79.64000000000001
VA,Prince William County,80.12857142857142
VA,Pulaski County,75.43749999999999
VA,Radford city,76.5
VA,Rappahannock County,79.65
VA,Richmond County,78.19999999999999
VA,Richmond city,75.27999999999999
VA,Roanoke County,79.25294117647059
VA,Roanoke city,74.80000000000001
VA,Rockbridge County,80.225
VA,Rockingham County,79.77894736842106
VA,Russell County,76.17142857142858
VA,Salem city,76.56
VA,Scott County,75.18333333333335
VA,Shenandoah County,78.66666666666667
VA,Smyth County,74.45
VA,Southampton County,76.96666666666668
VA,Spotsylvania County,78.62142857142855
VA,Stafford County,79.49999999999999
VA,Staunton city,75.99999999999999
VA,Suffolk city,76.22692307692306
VA,Surry County,76.55000000000001
VA,Sussex County,71.0
VA,Tazewell County,73.34
VA,Virginia Beach city,78.46470588235293
VA,Warren County,76.6
VA,Washington County,76.99230769230768
VA,Waynesboro city,75.2
VA,Westmoreland County,76.86666666666667
VA,Williamsburg city,78.2
VA,Winchester city,77.96
VA,Wise County,74.02727272727273
VA,Wythe County,76.03333333333335
VA,York County,79.775
VT,Addison County,82.03999999999999
VT,Bennington County,82.13333333333333
VT,Caledonia County,81.58
VT,Chittenden County,81.12580645161289
VT,Essex County,78.26666666666667
VT,Franklin County,78.99
VT,Grand Isle County,79.7
VT,Lamoille County,80.64285714285714
VT,Orange County,82.27
VT,Orleans County,80.42
VT,Rutland County,80.13
VT,Washington County,81.15882352941176
VT,Windham County,80.45294117647059
VT,Windsor County,82.29375000000002
WA,Adams County,78.66
WA,Asotin County,77.56
WA,Benton County,79.61875
WA,Chelan County,80.4230769230769
WA,Clallam County,78.85
WA,Clark County,79.15510204081632
WA,Columbia County,79.0
WA,Cowlitz County,76.96521739130435
WA,Douglas County,81.1
WA,Ferry County,79.39999999999999
WA,Franklin County,80.39166666666667
WA,Garfield County,82.5
WA,Grant County,80.31875
WA,Grays Harbor County,76.85
WA,Island County,81.43684210526315
WA,Jefferson County,81.37142857142855
WA,King County,81.20185185185186
WA,Kitsap County,79.3808510638298
WA,Kittitas County,80.7375
WA,Klickitat County,82.73333333333333
WA,Lewis County,78.31500000000003
WA,Lincoln County,81.05
WA,Mason County,77.55833333333334
WA,Okanogan County,80.52
WA,Pacific County,77.5
WA,Pend Oreille County,79.23999999999998
WA,Pierce County,78.51000000000002
WA,San Juan County,84.35
WA,Skagit County,79.72142857142856
WA,Skamania County,80.4
WA,Snohomish County,79.591095890411
WA,Spokane County,77.72330097087378
WA,Stevens County,77.625
WA,Thurston County,79.77083333333336
WA,Wahkiakum County,78.4
WA,Walla Walla County,80.02727272727272
WA,Whatcom County,80.53870967741936
WA,Whitman County,80.82857142857142
WA,Yakima County,78.28863636363636
WI,Adams County,77.17999999999999
WI,Ashland County,77.06666666666666
WI,Barron County,79.02
WI,Bayfield County,80.9
WI,Brown County,79.14375000000003
WI,Buffalo County,80.77499999999999
WI,Burnett County,78.36666666666667
WI,Calumet County,80.79090909090908
WI,Chippewa County,80.01818181818182
WI,Clark County,80.825
WI,Columbia County,80.23333333333333
WI,Crawford County,79.68333333333334
WI,Dane County,80.58624999999999
WI,Dodge County,78.92777777777778
WI,Door County,78.9
WI,Douglas County,78.16
WI,Dunn County,81.61428571428571
WI,Eau Claire County,79.23846153846154
WI,Florence County,79.75
WI,Fond du Lac County,80.29411764705883
WI,Forest County,77.675
WI,Grant County,79.57272727272728
WI,Green County,79.725
WI,Green Lake County,78.7
WI,Iowa County,80.7
WI,Iron County,80.13333333333334
WI,Jackson County,79.76
WI,Jefferson County,80.45263157894736
WI,Juneau County,78.72857142857141
WI,Kenosha County,77.59354838709677
WI,Kewaunee County,81.33333333333333
WI,La Crosse County,79.26315789473684
WI,Lafayette County,82.46000000000001
WI,Langlade County,79.76
WI,Lincoln County,78.28888888888889
WI,Manitowoc County,79.62499999999999
WI,Marathon County,80.41111111111111
WI,Marinette County,79.13636363636364
WI,Marquette County,78.8
WI,Menominee County,81.5
WI,Milwaukee County,76.7435555555556
WI,Monroe County,79.13333333333334
WI,Oconto County,78.95
WI,Oneida County,78.65833333333333
WI,Outagamie County,78.98285714285714
WI,Ozaukee County,81.24705882352941
WI,Pepin County,81.5
WI,Pierce County,81.01428571428572
WI,Polk County,78.66
WI,Portage County,81.58181818181818
WI,Price County,78.78
WI,Racine County,78.02432432432431
WI,Richland County,80.79999999999998
WI,Rock County,77.94375
WI,Rusk County,82.125
WI,Sauk County,80.19999999999999
WI,Sawyer County,77.50000000000001
WI,Shawano County,79.49000000000001
WI,Sheboygan County,78.89200000000001
WI,St. Croix County,79.6923076923077
WI,Taylor County,83.85999999999999
WI,Trempealeau County,80.825
WI,Vernon County,81.02857142857144
WI,Vilas County,79.02000000000001
WI,Walworth County,79.01052631578946
WI,Washburn County,77.22
WI,Washington County,79.86153846153846
WI,Waukesha County,80.8297297297297
WI,Waupaca County,77.88333333333333
WI,Waushara County,79.48333333333333
WI,Winnebago County,78.84054054054054
WI,Wood County,79.52666666666666
WV,Barbour County,73.94999999999999
WV,Berkeley County,76.29285714285713
WV,Boone County,74.45
WV,Braxton County,76.93333333333334
WV,Brooke County,75.21666666666667
WV,Cabell County,73.28518518518518
WV,Calhoun County,74.4
WV,Clay County,76.0
WV,Doddridge County,80.1
WV,Fayette County,76.41666666666666
WV,Gilmer County,77.15
WV,Grant County,77.0
WV,Greenbrier County,75.44285714285715
WV,Hampshire County,78.14
WV,Hancock County,75.6375
WV,Hardy County,78.49999999999999
WV,Harrison County,74.55454545454546
WV,Jackson County,78.01666666666667
WV,Jefferson County,77.93333333333334
WV,Kanawha County,75.03469387755106
WV,Lewis County,74.28
WV,Lincoln County,72.58
WV,Logan County,75.83333333333333
WV,Marion County,76.4
WV,Marshall County,75.17777777777778
WV,Mason County,76.96666666666667
WV,McDowell County,75.6125
WV,Mercer County,73.46875
WV,Mineral County,76.67142857142856
WV,Mingo County,73.25714285714287
WV,Monongalia County,77.69473684210527
WV,Monroe County,81.0
WV,Morgan County,76.375
WV,Nicholas County,73.99999999999999
WV,Ohio County,75.60555555555555
WV,Pendleton County,80.5
WV,Pleasants County,76.25
WV,Pocahontas County,75.23333333333333
WV,Preston County,77.06250000000001
WV,Putnam County,77.76
WV,Raleigh County,75.3235294117647
WV,Randolph County,79.63333333333333
WV,Ritchie County,76.7
WV,Roane County,74.97500000000001
WV,Summers County,72.85
WV,Taylor County,76.2
WV,Tucker County,77.60000000000001
WV,Tyler County,78.06666666666666
WV,Upshur County,76.28
WV,Wayne County,75.66363636363636
WV,Webster County,76.03333333333333
WV,Wetzel County,75.78
WV,Wirt County,77.45
WV,Wood County,75.33461538461539
WV,Wyoming County,72.75
WY,Albany County,80.9125
WY,Big Horn County,81.13333333333333
WY,Campbell County,78.42
WY,Carbon County,78.725
WY,Converse County,82.0
WY,Crook County,87.1
WY,Fremont County,78.9
WY,Goshen County,81.2
WY,Hot Springs County,76.5
WY,Johnson County,83.9
WY,Laramie County,80.44117647058822
WY,Lincoln County,80.55
WY,Natrona County,79.5294117647059
WY,Niobrara County,77.9
WY,Park County,81.67999999999999
WY,Platte County,78.95
WY,Sheridan County,79.71666666666667
WY,Sublette County,81.95
WY,Sweetwater County,79.17777777777778
WY,Teton County,81.95
WY,Uinta County,77.7
WY,Washakie County,80.60000000000001
WY,Weston County,78.8
