state_code,cnty,price
AK,Aleutians East Borough,288234
AK,Aleutians West Census Area,288234
AK,Anchorage Municipality,288234
AK,Bethel Census Area,288234
AK,Bristol Bay Borough,288234
AK,Denali Borough,288234
AK,Dillingham Census Area,288234
AK,Fairbanks North Star Borough,194731
AK,Haines Borough,288234
AK,Hoonah-Angoon Census Area,288234
AK,Juneau City and Borough,288234
AK,Kenai Peninsula Borough,253472
AK,Ketchikan Gateway Borough,318971
AK,Kodiak Island Borough,334412
AK,Lake and Peninsula Borough,288234
AK,Matanuska-Susitna Borough,250094
AK,Nome Census Area,288234
AK,North Slope Borough,288234
AK,Northwest Arctic Borough,288234
AK,Petersburg Borough,261063
AK,Prince of Wales-Hyder Census Area,288234
AK,Sitka City and Borough,288234
AK,Skagway Municipality,288234
AK,Southeast Fairbanks Census Area,288234
AK,Valdez-Cordova Census Area,288234
AK,Wade Hampton Census Area,288234
AK,Wrangell City and Borough,288234
AK,Yakutat City and Borough,288234
AK,Yukon-Koyukuk Census Area,288234
AL,Autauga County,214832
AL,Baldwin County,248365
AL,Barbour County,102307
AL,Bibb County,133882
AL,Blount County,251587
AL,Bullock County,67440
AL,Butler County,77027
AL,Calhoun County,117148
AL,Chambers County,73408
AL,Cherokee County,130733
AL,Chilton County,133614
AL,Choctaw County,161377
AL,Clarke County,100449
AL,Clay County,103741
AL,Cleburne County,125854
AL,Coffee County,135935
AL,Colbert County,117855
AL,Conecuh County,74935
AL,Coosa County,111046
AL,Covington County,100162
AL,Crenshaw County,82671
AL,Cullman County,148466
AL,Dale County,101636
AL,Dallas County,59449
AL,DeKalb County,111909
AL,Elmore County,188155
AL,Escambia County,99305
AL,Etowah County,104103
AL,Fayette County,83232
AL,Franklin County,92456
AL,Geneva County,90449
AL,Greene County,82239
AL,Hale County,99778
AL,Henry County,110695
AL,Houston County,137306
AL,Jackson County,115334
AL,Jefferson County,163597
AL,Lamar County,78129
AL,Lauderdale County,140748
AL,Lawrence County,123982
AL,Lee County,217913
AL,Limestone County,199498
AL,Lowndes County,79093
AL,Macon County,56560
AL,Madison County,228192
AL,Marengo County,99604
AL,Marion County,90303
AL,Marshall County,148272
AL,Mobile County,142199
AL,Monroe County,80734
AL,Montgomery County,109105
AL,Morgan County,160401
AL,Perry County,161377
AL,Pickens County,102908
AL,Pike County,121581
AL,Randolph County,111219
AL,Russell County,109894
AL,St. Clair County,209240
AL,Shelby County,262762
AL,Sumter County,60537
AL,Talladega County,110407
AL,Tallapoosa County,150543
AL,Tuscaloosa County,187229
AL,Walker County,100211
AL,Washington County,101417
AL,Wilcox County,83687
AL,Winston County,112269
AR,Arkansas County,84592
AR,Ashley County,62821
AR,Baxter County,143228
AR,Benton County,238303
AR,Boone County,131580
AR,Bradley County,63303
AR,Calhoun County,61395
AR,Carroll County,151748
AR,Chicot County,46270
AR,Clark County,93337
AR,Clay County,59149
AR,Cleburne County,157255
AR,Cleveland County,97401
AR,Columbia County,89729
AR,Conway County,96038
AR,Craighead County,152522
AR,Crawford County,127938
AR,Crittenden County,109437
AR,Cross County,91240
AR,Dallas County,45165
AR,Desha County,53913
AR,Drew County,102967
AR,Faulkner County,176795
AR,Franklin County,100220
AR,Fulton County,115697
AR,Garland County,170365
AR,Grant County,164404
AR,Greene County,118586
AR,Hempstead County,70081
AR,Hot Spring County,101289
AR,Howard County,83049
AR,Independence County,103598
AR,Izard County,88135
AR,Jackson County,58928
AR,Jefferson County,61126
AR,Johnson County,108316
AR,Lafayette County,45934
AR,Lawrence County,69091
AR,Lee County,44645
AR,Lincoln County,76393
AR,Little River County,86635
AR,Logan County,87450
AR,Lonoke County,148795
AR,Madison County,119310
AR,Marion County,129079
AR,Miller County,107992
AR,Mississippi County,56600
AR,Monroe County,56580
AR,Montgomery County,105880
AR,Nevada County,47372
AR,Newton County,125786
AR,Ouachita County,53444
AR,Perry County,93054
AR,Phillips County,29314
AR,Pike County,92300
AR,Poinsett County,67508
AR,Polk County,100102
AR,Pope County,133175
AR,Prairie County,77724
AR,Pulaski County,147426
AR,Randolph County,90110
AR,St. Francis County,50526
AR,Saline County,231129
AR,Scott County,84159
AR,Searcy County,87162
AR,Sebastian County,129327
AR,Sevier County,101715
AR,Sharp County,80755
AR,Stone County,115707
AR,Union County,82491
AR,Van Buren County,96769
AR,Washington County,216579
AR,White County,128683
AR,Woodruff County,43672
AR,Yell County,89015
AZ,Apache County,198308
AZ,Cochise County,179082
AZ,Coconino County,420727
AZ,Gila County,268770
AZ,Graham County,197858
AZ,Greenlee County,92801
AZ,La Paz County,210665
AZ,Maricopa County,348717
AZ,Mohave County,291534
AZ,Navajo County,264259
AZ,Pima County,258436
AZ,Pinal County,279864
AZ,Santa Cruz County,178974
AZ,Yavapai County,376266
AZ,Yuma County,191772
CA,Alameda County,981160
CA,Alpine County,430165
CA,Amador County,356924
CA,Butte County,352373
CA,Calaveras County,379260
CA,Colusa County,256035
CA,Contra Costa County,754500
CA,Del Norte County,270866
CA,El Dorado County,554357
CA,Fresno County,301653
CA,Glenn County,260351
CA,Humboldt County,353926
CA,Imperial County,257672
CA,Inyo County,381812
CA,Kern County,264767
CA,Kings County,266959
CA,Lake County,284919
CA,Lassen County,182648
CA,Los Angeles County,728703
CA,Madera County,310002
CA,Marin County,1305184
CA,Mariposa County,313791
CA,Mendocino County,455250
CA,Merced County,321226
CA,Modoc County,138364
CA,Mono County,490773
CA,Monterey County,680358
CA,Napa County,784181
CA,Nevada County,572775
CA,Orange County,829115
CA,Placer County,575896
CA,Plumas County,291907
CA,Riverside County,453860
CA,Sacramento County,450640
CA,San Benito County,725163
CA,San Bernardino County,422488
CA,San Diego County,702933
CA,San Francisco County,1415456
CA,San Joaquin County,443194
CA,San Luis Obispo County,691303
CA,San Mateo County,1452025
CA,Santa Barbara County,722001
CA,Santa Clara County,1329587
CA,Santa Cruz County,954999
CA,Shasta County,314288
CA,Sierra County,256999
CA,Siskiyou County,225454
CA,Solano County,497012
CA,Sonoma County,704121
CA,Stanislaus County,375971
CA,Sutter County,356491
CA,Tehama County,255284
CA,Trinity County,292124
CA,Tulare County,259362
CA,Tuolumne County,304031
CA,Ventura County,665254
CA,Yolo County,519746
CA,Yuba County,319334
CO,Adams County,423834
CO,Alamosa County,192347
CO,Arapahoe County,451168
CO,Archuleta County,348114
CO,Baca County,92563
CO,Bent County,78760
CO,Boulder County,615687
CO,Broomfield County,521014
CO,Chaffee County,414009
CO,Cheyenne County,112080
CO,Clear Creek County,416450
CO,Conejos County,145357
CO,Costilla County,121823
CO,Crowley County,77224
CO,Custer County,266179
CO,Delta County,269910
CO,Denver County,506859
CO,Dolores County,169148
CO,Douglas County,596689
CO,Eagle County,584974
CO,Elbert County,572418
CO,El Paso County,372715
CO,Fremont County,256085
CO,Garfield County,472089
CO,Gilpin County,397437
CO,Grand County,483451
CO,Gunnison County,421145
CO,Hinsdale County,335878
CO,Huerfano County,155224
CO,Jackson County,183222
CO,Jefferson County,528102
CO,Kiowa County,99524
CO,Kit Carson County,169660
CO,Lake County,276993
CO,La Plata County,464718
CO,Larimer County,449181
CO,Las Animas County,154600
CO,Lincoln County,155886
CO,Logan County,187231
CO,Mesa County,299214
CO,Mineral County,300500
CO,Moffat County,201299
CO,Montezuma County,272305
CO,Montrose County,301634
CO,Morgan County,230409
CO,Otero County,100984
CO,Ouray County,500857
CO,Park County,379284
CO,Phillips County,165099
CO,Pitkin County,1391755
CO,Prowers County,94134
CO,Pueblo County,228268
CO,Rio Blanco County,239102
CO,Rio Grande County,203612
CO,Routt County,645013
CO,Saguache County,179417
CO,San Juan County,311583
CO,San Miguel County,807805
CO,Sedgwick County,68339
CO,Summit County,699008
CO,Teller County,347550
CO,Washington County,133111
CO,Weld County,409523
CO,Yuma County,189740
CT,Fairfield County,467478
CT,Hartford County,250842
CT,Litchfield County,289905
CT,Middlesex County,325994
CT,New Haven County,269132
CT,New London County,286670
CT,Tolland County,264281
CT,Windham County,228906
DC,District of Columbia,672989
DE,Kent County,253544
DE,New Castle County,279158
DE,Sussex County,328465
FL,Alachua County,221167
FL,Baker County,199098
FL,Bay County,245269
FL,Bradford County,144185
FL,Brevard County,251335
FL,Broward County,304393
FL,Calhoun County,111345
FL,Charlotte County,245475
FL,Citrus County,189180
FL,Clay County,246381
FL,Collier County,370708
FL,Columbia County,170335
FL,DeSoto County,144933
FL,Dixie County,106976
FL,Duval County,225143
FL,Escambia County,183606
FL,Flagler County,254048
FL,Franklin County,295528
FL,Gadsden County,117153
FL,Gilchrist County,186046
FL,Glades County,143590
FL,Gulf County,229495
FL,Hamilton County,105169
FL,Hardee County,127740
FL,Hendry County,146568
FL,Hernando County,210196
FL,Highlands County,160185
FL,Hillsborough County,272190
FL,Holmes County,111476
FL,Indian River County,255157
FL,Jackson County,117165
FL,Jefferson County,165590
FL,Lafayette County,141729
FL,Lake County,252232
FL,Lee County,259893
FL,Leon County,208777
FL,Levy County,148611
FL,Liberty County,128353
FL,Madison County,108929
FL,Manatee County,305546
FL,Marion County,177209
FL,Martin County,324470
FL,Miami-Dade County,348270
FL,Monroe County,637592
FL,Nassau County,330318
FL,Okaloosa County,276798
FL,Okeechobee County,179695
FL,Orange County,291509
FL,Osceola County,251507
FL,Palm Beach County,318338
FL,Pasco County,226123
FL,Pinellas County,278309
FL,Polk County,212641
FL,Putnam County,151896
FL,St. Johns County,358797
FL,St. Lucie County,250869
FL,Santa Rosa County,260550
FL,Sarasota County,307681
FL,Seminole County,294830
FL,Sumter County,295237
FL,Suwannee County,146888
FL,Taylor County,112211
FL,Union County,151133
FL,Volusia County,240817
FL,Wakulla County,196075
FL,Walton County,463390
FL,Washington County,122002
GA,Appling County,98958
GA,Atkinson County,81978
GA,Bacon County,95556
GA,Baker County,91536
GA,Baldwin County,145460
GA,Banks County,191696
GA,Barrow County,225083
GA,Bartow County,209751
GA,Ben Hill County,80765
GA,Berrien County,110217
GA,Bibb County,98768
GA,Bleckley County,113221
GA,Brantley County,114629
GA,Brooks County,123964
GA,Bryan County,255018
GA,Bulloch County,158756
GA,Burke County,105477
GA,Butts County,143550
GA,Calhoun County,57967
GA,Camden County,193473
GA,Candler County,123556
GA,Carroll County,190072
GA,Catoosa County,186058
GA,Charlton County,118182
GA,Chatham County,212270
GA,Chattahoochee County,75639
GA,Chattooga County,87087
GA,Cherokee County,319473
GA,Clarke County,219248
GA,Clay County,87387
GA,Clayton County,156576
GA,Clinch County,80599
GA,Cobb County,311404
GA,Coffee County,114642
GA,Colquitt County,97217
GA,Columbia County,235781
GA,Cook County,101481
GA,Coweta County,258094
GA,Crawford County,136124
GA,Crisp County,103491
GA,Dade County,162646
GA,Dawson County,292011
GA,Decatur County,107664
GA,DeKalb County,259235
GA,Dodge County,88287
GA,Dooly County,85270
GA,Dougherty County,85461
GA,Douglas County,215058
GA,Early County,92821
GA,Echols County,99986
GA,Effingham County,203022
GA,Elbert County,97062
GA,Emanuel County,79512
GA,Evans County,100734
GA,Fannin County,270508
GA,Fayette County,331282
GA,Floyd County,144408
GA,Forsyth County,398291
GA,Franklin County,159249
GA,Fulton County,335406
GA,Gilmer County,216170
GA,Glascock County,116872
GA,Glynn County,235099
GA,Gordon County,154379
GA,Grady County,136555
GA,Greene County,377100
GA,Gwinnett County,280849
GA,Habersham County,179848
GA,Hall County,261037
GA,Hancock County,107187
GA,Haralson County,144680
GA,Harris County,259406
GA,Hart County,185933
GA,Heard County,130853
GA,Henry County,226615
GA,Houston County,160437
GA,Irwin County,103327
GA,Jackson County,256502
GA,Jasper County,163374
GA,Jeff Davis County,93646
GA,Jefferson County,77060
GA,Jenkins County,73674
GA,Johnson County,79542
GA,Jones County,158655
GA,Lamar County,142370
GA,Lanier County,129369
GA,Laurens County,117950
GA,Lee County,187168
GA,Liberty County,149613
GA,Lincoln County,160550
GA,Long County,181905
GA,Lowndes County,140822
GA,Lumpkin County,226581
GA,McDuffie County,128081
GA,McIntosh County,161463
GA,Macon County,58617
GA,Madison County,172621
GA,Marion County,113207
GA,Meriwether County,106475
GA,Miller County,110048
GA,Mitchell County,87642
GA,Monroe County,205136
GA,Montgomery County,116339
GA,Morgan County,267442
GA,Murray County,145193
GA,Muscogee County,127948
GA,Newton County,189740
GA,Oconee County,349646
GA,Oglethorpe County,171616
GA,Paulding County,236032
GA,Peach County,143754
GA,Pickens County,227948
GA,Pierce County,145021
GA,Pike County,209993
GA,Polk County,115158
GA,Pulaski County,104537
GA,Putnam County,245986
GA,Quitman County,76342
GA,Rabun County,244144
GA,Randolph County,60341
GA,Richmond County,132831
GA,Rockdale County,215983
GA,Schley County,123575
GA,Screven County,99291
GA,Seminole County,97236
GA,Spalding County,158341
GA,Stephens County,117270
GA,Stewart County,47766
GA,Sumter County,86730
GA,Talbot County,114689
GA,Taliaferro County,77765
GA,Tattnall County,116650
GA,Taylor County,87846
GA,Telfair County,64986
GA,Terrell County,71418
GA,Thomas County,148755
GA,Tift County,142779
GA,Toombs County,114819
GA,Towns County,237765
GA,Treutlen County,69618
GA,Troup County,130520
GA,Turner County,80936
GA,Twiggs County,77420
GA,Union County,234772
GA,Upson County,89532
GA,Walker County,148900
GA,Walton County,246438
GA,Ware County,84367
GA,Warren County,65456
GA,Washington County,96070
GA,Wayne County,125680
GA,Webster County,89858
GA,Wheeler County,86738
GA,White County,200108
GA,Whitfield County,155508
GA,Wilcox County,78045
GA,Wilkes County,100978
GA,Wilkinson County,78422
GA,Worth County,118238
HI,Hawaii County,412291
HI,Honolulu County,753653
HI,Kalawao County,739798
HI,Kauai County,642804
HI,Maui County,739798
IA,Adair County,114557
IA,Adams County,100707
IA,Allamakee County,147683
IA,Appanoose County,76434
IA,Audubon County,74488
IA,Benton County,159157
IA,Black Hawk County,143089
IA,Boone County,147699
IA,Bremer County,173222
IA,Buchanan County,146844
IA,Buena Vista County,128013
IA,Butler County,132190
IA,Calhoun County,89616
IA,Carroll County,143643
IA,Cass County,98234
IA,Cedar County,172871
IA,Cerro Gordo County,126990
IA,Cherokee County,110095
IA,Chickasaw County,131109
IA,Clarke County,114246
IA,Clay County,137889
IA,Clayton County,130186
IA,Clinton County,132337
IA,Crawford County,111974
IA,Dallas County,218745
IA,Davis County,142954
IA,Decatur County,79790
IA,Delaware County,159100
IA,Des Moines County,110809
IA,Dickinson County,244218
IA,Dubuque County,196931
IA,Emmet County,85298
IA,Fayette County,102939
IA,Floyd County,109375
IA,Franklin County,89677
IA,Fremont County,109083
IA,Greene County,96012
IA,Grundy County,152500
IA,Guthrie County,137122
IA,Hamilton County,109595
IA,Hancock County,109837
IA,Hardin County,95077
IA,Harrison County,127927
IA,Henry County,126037
IA,Howard County,116611
IA,Humboldt County,110964
IA,Ida County,78266
IA,Iowa County,164480
IA,Jackson County,144382
IA,Jasper County,134764
IA,Jefferson County,129752
IA,Johnson County,238473
IA,Jones County,150723
IA,Keokuk County,87574
IA,Kossuth County,106825
IA,Lee County,93399
IA,Linn County,173675
IA,Louisa County,111285
IA,Lucas County,88517
IA,Lyon County,145984
IA,Madison County,192885
IA,Mahaska County,124301
IA,Marion County,169041
IA,Marshall County,114122
IA,Mills County,181393
IA,Mitchell County,126159
IA,Monona County,92914
IA,Monroe County,111178
IA,Montgomery County,83116
IA,Muscatine County,143848
IA,O'Brien County,108781
IA,Osceola County,91192
IA,Page County,83150
IA,Palo Alto County,105210
IA,Plymouth County,174900
IA,Pocahontas County,71842
IA,Polk County,214879
IA,Pottawattamie County,157398
IA,Poweshiek County,155576
IA,Ringgold County,96363
IA,Sac County,98832
IA,Scott County,174128
IA,Shelby County,131597
IA,Sioux County,191926
IA,Story County,211834
IA,Tama County,115105
IA,Taylor County,87073
IA,Union County,92708
IA,Van Buren County,102441
IA,Wapello County,80383
IA,Warren County,213175
IA,Washington County,158012
IA,Wayne County,76455
IA,Webster County,92079
IA,Winnebago County,110704
IA,Winneshiek County,190975
IA,Woodbury County,147801
IA,Worth County,113600
IA,Wright County,83049
ID,Ada County,450299
ID,Adams County,301342
ID,Bannock County,233340
ID,Bear Lake County,240708
ID,Benewah County,198169
ID,Bingham County,243520
ID,Blaine County,625915
ID,Boise County,292625
ID,Bonner County,396907
ID,Bonneville County,279804
ID,Boundary County,264604
ID,Butte County,284063
ID,Camas County,149046
ID,Canyon County,325126
ID,Caribou County,208621
ID,Cassia County,217647
ID,Clark County,359546
ID,Clearwater County,208661
ID,Custer County,230512
ID,Elmore County,219325
ID,Franklin County,271757
ID,Fremont County,290561
ID,Gem County,282957
ID,Gooding County,200673
ID,Idaho County,241340
ID,Jefferson County,312452
ID,Jerome County,260044
ID,Kootenai County,438210
ID,Latah County,337822
ID,Lemhi County,265662
ID,Lewis County,168117
ID,Lincoln County,171645
ID,Madison County,298882
ID,Minidoka County,196041
ID,Nez Perce County,278209
ID,Oneida County,220986
ID,Owyhee County,243334
ID,Payette County,242332
ID,Power County,213916
ID,Shoshone County,149211
ID,Teton County,424013
ID,Twin Falls County,260115
ID,Valley County,412681
ID,Washington County,201017
IL,Adams County,129427
IL,Alexander County,164484
IL,Bond County,109097
IL,Boone County,174120
IL,Brown County,223455
IL,Bureau County,95357
IL,Calhoun County,109619
IL,Carroll County,106532
IL,Cass County,80926
IL,Champaign County,155285
IL,Christian County,85346
IL,Clark County,94645
IL,Clay County,70022
IL,Clinton County,148307
IL,Coles County,87278
IL,Cook County,273625
IL,Crawford County,85614
IL,Cumberland County,90450
IL,DeKalb County,187857
IL,De Witt County,77390
IL,Douglas County,107517
IL,DuPage County,318688
IL,Edgar County,64736
IL,Edwards County,58546
IL,Effingham County,145506
IL,Fayette County,82716
IL,Ford County,92852
IL,Franklin County,67491
IL,Fulton County,75747
IL,Gallatin County,75076
IL,Greene County,70641
IL,Grundy County,206527
IL,Hamilton County,79237
IL,Hancock County,86857
IL,Hardin County,223455
IL,Henderson County,75170
IL,Henry County,117585
IL,Iroquois County,89009
IL,Jackson County,117575
IL,Jasper County,76580
IL,Jefferson County,96409
IL,Jersey County,118878
IL,Jo Daviess County,170153
IL,Johnson County,99657
IL,Kane County,256258
IL,Kankakee County,159723
IL,Kendall County,253096
IL,Knox County,80292
IL,Lake County,266770
IL,LaSalle County,123691
IL,Lawrence County,55574
IL,Lee County,102175
IL,Livingston County,102756
IL,Logan County,99267
IL,McDonough County,78340
IL,McHenry County,239064
IL,McLean County,166716
IL,Macon County,94378
IL,Macoupin County,89655
IL,Madison County,138150
IL,Marion County,223455
IL,Marshall County,94879
IL,Mason County,62426
IL,Massac County,78888
IL,Menard County,159426
IL,Mercer County,101665
IL,Monroe County,206106
IL,Montgomery County,73046
IL,Morgan County,100031
IL,Moultrie County,109026
IL,Ogle County,137650
IL,Peoria County,105636
IL,Perry County,72642
IL,Piatt County,150572
IL,Pike County,75348
IL,Pope County,128171
IL,Pulaski County,223455
IL,Putnam County,115500
IL,Randolph County,89247
IL,Richland County,91720
IL,Rock Island County,114760
IL,St. Clair County,122697
IL,Saline County,71228
IL,Sangamon County,141041
IL,Schuyler County,100586
IL,Scott County,92936
IL,Shelby County,104712
IL,Stark County,74313
IL,Stephenson County,94536
IL,Tazewell County,129761
IL,Union County,97231
IL,Vermilion County,70120
IL,Wabash County,96897
IL,Warren County,85153
IL,Washington County,120456
IL,Wayne County,85072
IL,White County,77390
IL,Whiteside County,108500
IL,Will County,246311
IL,Williamson County,102813
IL,Winnebago County,126595
IL,Woodford County,172524
IN,Adams County,156611
IN,Allen County,169438
IN,Bartholomew County,189146
IN,Benton County,103336
IN,Blackford County,78417
IN,Boone County,284907
IN,Brown County,214601
IN,Carroll County,145264
IN,Cass County,93204
IN,Clark County,185167
IN,Clay County,111357
IN,Clinton County,122746
IN,Crawford County,103409
IN,Daviess County,146793
IN,Dearborn County,208129
IN,Decatur County,164327
IN,DeKalb County,161901
IN,Delaware County,103812
IN,Dubois County,177569
IN,Elkhart County,184581
IN,Fayette County,87086
IN,Floyd County,207668
IN,Fountain County,105400
IN,Franklin County,195377
IN,Fulton County,120471
IN,Gibson County,129959
IN,Grant County,90763
IN,Greene County,117741
IN,Hamilton County,324276
IN,Hancock County,224459
IN,Harrison County,170540
IN,Hendricks County,241754
IN,Henry County,103709
IN,Howard County,127644
IN,Huntington County,125986
IN,Jackson County,151518
IN,Jasper County,189260
IN,Jay County,91288
IN,Jefferson County,140733
IN,Jennings County,132751
IN,Johnson County,219701
IN,Knox County,94947
IN,Kosciusko County,198586
IN,LaGrange County,222698
IN,Lake County,178682
IN,LaPorte County,170397
IN,Lawrence County,122353
IN,Madison County,125132
IN,Marion County,174977
IN,Marshall County,165552
IN,Martin County,112150
IN,Miami County,92749
IN,Monroe County,240096
IN,Montgomery County,140057
IN,Morgan County,204289
IN,Newton County,139941
IN,Noble County,151099
IN,Ohio County,177632
IN,Orange County,109336
IN,Owen County,140027
IN,Parke County,121856
IN,Perry County,122651
IN,Pike County,106880
IN,Porter County,239942
IN,Posey County,166865
IN,Pulaski County,109741
IN,Putnam County,163289
IN,Randolph County,93726
IN,Ripley County,182526
IN,Rush County,125149
IN,St. Joseph County,153853
IN,Scott County,121546
IN,Shelby County,149058
IN,Spencer County,149566
IN,Starke County,125167
IN,Steuben County,188987
IN,Sullivan County,96604
IN,Switzerland County,142998
IN,Tippecanoe County,199150
IN,Tipton County,143224
IN,Union County,140854
IN,Vanderburgh County,147943
IN,Vermillion County,79723
IN,Vigo County,105522
IN,Wabash County,120161
IN,Warren County,145060
IN,Warrick County,201261
IN,Washington County,135379
IN,Wayne County,107455
IN,Wells County,155136
IN,White County,145032
IN,Whitley County,177875
KS,Allen County,73235
KS,Anderson County,104975
KS,Atchison County,97382
KS,Barber County,169388
KS,Barton County,82456
KS,Bourbon County,72721
KS,Brown County,93647
KS,Butler County,169441
KS,Chase County,112392
KS,Chautauqua County,169388
KS,Cherokee County,73132
KS,Cheyenne County,169388
KS,Clark County,169388
KS,Clay County,99273
KS,Cloud County,78245
KS,Coffey County,111881
KS,Comanche County,169388
KS,Cowley County,85582
KS,Crawford County,86471
KS,Decatur County,169388
KS,Dickinson County,116112
KS,Doniphan County,97961
KS,Douglas County,229994
KS,Edwards County,169388
KS,Elk County,169388
KS,Ellis County,180825
KS,Ellsworth County,92266
KS,Finney County,180673
KS,Ford County,118410
KS,Franklin County,147840
KS,Geary County,152754
KS,Gove County,169388
KS,Graham County,169388
KS,Grant County,119324
KS,Gray County,154074
KS,Greeley County,169388
KS,Greenwood County,63655
KS,Hamilton County,169388
KS,Harper County,58055
KS,Harvey County,134181
KS,Haskell County,169388
KS,Hodgeman County,169388
KS,Jackson County,143537
KS,Jefferson County,173893
KS,Jewell County,169388
KS,Johnson County,334361
KS,Kearny County,144686
KS,Kingman County,93347
KS,Kiowa County,169388
KS,Labette County,56194
KS,Lane County,169388
KS,Leavenworth County,237595
KS,Lincoln County,169388
KS,Linn County,124470
KS,Logan County,169388
KS,Lyon County,114517
KS,McPherson County,165535
KS,Marion County,87287
KS,Marshall County,106816
KS,Meade County,169388
KS,Miami County,234190
KS,Mitchell County,169388
KS,Montgomery County,60842
KS,Morris County,102932
KS,Morton County,169388
KS,Nemaha County,169388
KS,Neosho County,67820
KS,Ness County,169388
KS,Norton County,169388
KS,Osage County,120743
KS,Osborne County,169388
KS,Ottawa County,116871
KS,Pawnee County,73064
KS,Phillips County,169388
KS,Pottawatomie County,220557
KS,Pratt County,81176
KS,Rawlins County,169388
KS,Reno County,106317
KS,Republic County,64877
KS,Rice County,66948
KS,Riley County,201398
KS,Rooks County,169388
KS,Rush County,67841
KS,Russell County,87509
KS,Saline County,137899
KS,Scott County,169388
KS,Sedgwick County,164889
KS,Seward County,122787
KS,Shawnee County,140659
KS,Sheridan County,169388
KS,Sherman County,169388
KS,Smith County,59622
KS,Stafford County,64789
KS,Stanton County,169388
KS,Stevens County,120227
KS,Sumner County,92450
KS,Thomas County,123417
KS,Trego County,169388
KS,Wabaunsee County,161877
KS,Wallace County,169388
KS,Washington County,169388
KS,Wichita County,169388
KS,Wilson County,70700
KS,Woodson County,61698
KS,Wyandotte County,144170
KY,Adair County,102508
KY,Allen County,101188
KY,Anderson County,159492
KY,Ballard County,88062
KY,Barren County,132030
KY,Bath County,90129
KY,Bell County,57369
KY,Boone County,238577
KY,Bourbon County,148877
KY,Boyd County,93223
KY,Boyle County,139874
KY,Bracken County,99082
KY,Breathitt County,162358
KY,Breckinridge County,111699
KY,Bullitt County,216475
KY,Butler County,105488
KY,Caldwell County,74166
KY,Calloway County,135130
KY,Campbell County,207625
KY,Carlisle County,82754
KY,Carroll County,93180
KY,Carter County,75171
KY,Casey County,94446
KY,Christian County,112624
KY,Clark County,156289
KY,Clay County,54441
KY,Clinton County,82817
KY,Crittenden County,85961
KY,Cumberland County,82699
KY,Daviess County,148230
KY,Edmonson County,107476
KY,Elliott County,162358
KY,Estill County,70679
KY,Fayette County,228095
KY,Fleming County,97180
KY,Floyd County,59704
KY,Franklin County,161368
KY,Fulton County,44065
KY,Gallatin County,123810
KY,Garrard County,161693
KY,Grant County,157474
KY,Graves County,98491
KY,Grayson County,115955
KY,Green County,83210
KY,Greenup County,90630
KY,Hancock County,107631
KY,Hardin County,175270
KY,Harlan County,42786
KY,Harrison County,126326
KY,Hart County,106558
KY,Henderson County,126174
KY,Henry County,144551
KY,Hickman County,73851
KY,Hopkins County,93062
KY,Jackson County,72931
KY,Jefferson County,198849
KY,Jessamine County,192469
KY,Johnson County,83909
KY,Kenton County,194039
KY,Knott County,57916
KY,Knox County,86025
KY,Larue County,129240
KY,Laurel County,124250
KY,Lawrence County,129884
KY,Lee County,62179
KY,Leslie County,40890
KY,Letcher County,37637
KY,Lewis County,61073
KY,Lincoln County,109490
KY,Livingston County,87843
KY,Logan County,112596
KY,Lyon County,146792
KY,McCracken County,131656
KY,McCreary County,56499
KY,McLean County,91006
KY,Madison County,197077
KY,Magoffin County,162358
KY,Marion County,120560
KY,Marshall County,145489
KY,Martin County,162358
KY,Mason County,96223
KY,Meade County,186642
KY,Menifee County,69924
KY,Mercer County,142914
KY,Metcalfe County,87801
KY,Monroe County,72049
KY,Montgomery County,129704
KY,Morgan County,79651
KY,Muhlenberg County,84197
KY,Nelson County,182395
KY,Nicholas County,97867
KY,Ohio County,103751
KY,Oldham County,328194
KY,Owen County,137338
KY,Owsley County,162358
KY,Pendleton County,123394
KY,Perry County,71313
KY,Pike County,58264
KY,Powell County,84888
KY,Pulaski County,148682
KY,Robertson County,102484
KY,Rockcastle County,74160
KY,Rowan County,122693
KY,Russell County,96808
KY,Scott County,221046
KY,Shelby County,231130
KY,Simpson County,139553
KY,Spencer County,228472
KY,Taylor County,109403
KY,Todd County,97704
KY,Trigg County,142392
KY,Trimble County,145674
KY,Union County,78429
KY,Warren County,186949
KY,Washington County,130835
KY,Wayne County,86240
KY,Webster County,58039
KY,Whitley County,87151
KY,Wolfe County,162358
KY,Woodford County,215282
LA,Acadia Parish,124732
LA,Allen Parish,70778
LA,Ascension Parish,238287
LA,Assumption Parish,144018
LA,Avoyelles Parish,109490
LA,Beauregard Parish,118735
LA,Bienville Parish,56249
LA,Bossier Parish,179799
LA,Caddo Parish,118137
LA,Calcasieu Parish,172941
LA,Caldwell Parish,84966
LA,Cameron Parish,155915
LA,Catahoula Parish,180661
LA,Claiborne Parish,114425
LA,Concordia Parish,138618
LA,De Soto Parish,182148
LA,East Baton Rouge Parish,191242
LA,East Carroll Parish,47061
LA,East Feliciana Parish,171838
LA,Evangeline Parish,86076
LA,Franklin Parish,97037
LA,Grant Parish,142299
LA,Iberia Parish,111666
LA,Iberville Parish,161119
LA,Jackson Parish,101875
LA,Jefferson Parish,229323
LA,Jefferson Davis Parish,121683
LA,Lafayette Parish,187375
LA,Lafourche Parish,145989
LA,La Salle Parish,86656
LA,Lincoln Parish,158202
LA,Livingston Parish,191435
LA,Madison Parish,180661
LA,Morehouse Parish,55462
LA,Natchitoches Parish,175407
LA,Orleans Parish,241402
LA,Ouachita Parish,147352
LA,Plaquemines Parish,294788
LA,Pointe Coupee Parish,183886
LA,Rapides Parish,128639
LA,Red River Parish,101289
LA,Richland Parish,100180
LA,Sabine Parish,114421
LA,St. Bernard Parish,143367
LA,St. Charles Parish,204323
LA,St. Helena Parish,115012
LA,St. James Parish,135218
LA,St. John the Baptist Parish,151576
LA,St. Landry Parish,124578
LA,St. Martin Parish,115624
LA,St. Mary Parish,121493
LA,St. Tammany Parish,243992
LA,Tangipahoa Parish,164818
LA,Tensas Parish,126049
LA,Terrebonne Parish,178555
LA,Union Parish,107042
LA,Vermilion Parish,152434
LA,Vernon Parish,144996
LA,Washington Parish,108877
LA,Webster Parish,122981
LA,West Baton Rouge Parish,190609
LA,West Carroll Parish,80338
LA,West Feliciana Parish,272531
LA,Winn Parish,106402
MA,Barnstable County,507315
MA,Berkshire County,263594
MA,Bristol County,394441
MA,Dukes County,909126
MA,Essex County,529446
MA,Franklin County,252613
MA,Hampden County,248957
MA,Hampshire County,315196
MA,Middlesex County,620276
MA,Nantucket County,1757140
MA,Norfolk County,581089
MA,Plymouth County,460331
MA,Suffolk County,631213
MA,Worcester County,349683
MD,Allegany County,94601
MD,Anne Arundel County,395850
MD,Baltimore County,285332
MD,Calvert County,383005
MD,Caroline County,202283
MD,Carroll County,379817
MD,Cecil County,275231
MD,Charles County,358030
MD,Dorchester County,159625
MD,Frederick County,377766
MD,Garrett County,201375
MD,Harford County,327820
MD,Howard County,492200
MD,Kent County,245454
MD,Montgomery County,531471
MD,Prince George's County,361441
MD,Queen Anne's County,374495
MD,St. Mary's County,326027
MD,Somerset County,117253
MD,Talbot County,344672
MD,Washington County,230947
MD,Wicomico County,179267
MD,Worcester County,299394
MD,Baltimore city,168210
ME,Androscoggin County,214422
ME,Aroostook County,110757
ME,Cumberland County,386678
ME,Franklin County,163182
ME,Hancock County,266694
ME,Kennebec County,209239
ME,Knox County,265327
ME,Lincoln County,261984
ME,Oxford County,192607
ME,Penobscot County,181237
ME,Piscataquis County,128933
ME,Sagadahoc County,262806
ME,Somerset County,139480
ME,Waldo County,213619
ME,Washington County,127550
ME,York County,357038
MI,Alcona County,124836
MI,Alger County,131098
MI,Allegan County,234683
MI,Alpena County,108026
MI,Antrim County,199619
MI,Arenac County,94279
MI,Baraga County,118880
MI,Barry County,215862
MI,Bay County,141057
MI,Benzie County,218790
MI,Berrien County,200671
MI,Branch County,129942
MI,Calhoun County,137962
MI,Cass County,165334
MI,Charlevoix County,207850
MI,Cheboygan County,156414
MI,Chippewa County,123106
MI,Clare County,91910
MI,Clinton County,231882
MI,Crawford County,107508
MI,Delta County,103334
MI,Dickinson County,104999
MI,Eaton County,190952
MI,Emmet County,247938
MI,Genesee County,147371
MI,Gladwin County,126093
MI,Gogebic County,70081
MI,Grand Traverse County,285938
MI,Gratiot County,98545
MI,Hillsdale County,147473
MI,Houghton County,124857
MI,Huron County,111884
MI,Ingham County,161721
MI,Ionia County,163005
MI,Iosco County,99586
MI,Iron County,96176
MI,Isabella County,149911
MI,Jackson County,168727
MI,Kalamazoo County,195940
MI,Kalkaska County,134474
MI,Kent County,248359
MI,Keweenaw County,145758
MI,Lake County,92105
MI,Lapeer County,205747
MI,Leelanau County,366511
MI,Lenawee County,169144
MI,Livingston County,312814
MI,Luce County,88223
MI,Mackinac County,119778
MI,Macomb County,209539
MI,Manistee County,143581
MI,Marquette County,172242
MI,Mason County,158947
MI,Mecosta County,140524
MI,Menominee County,98868
MI,Midland County,158599
MI,Missaukee County,123028
MI,Monroe County,196702
MI,Montcalm County,162147
MI,Montmorency County,100925
MI,Muskegon County,166936
MI,Newaygo County,142732
MI,Oakland County,286803
MI,Oceana County,149832
MI,Ogemaw County,109027
MI,Ontonagon County,74690
MI,Osceola County,103805
MI,Oscoda County,82602
MI,Otsego County,153400
MI,Ottawa County,267209
MI,Presque Isle County,112540
MI,Roscommon County,112267
MI,Saginaw County,110939
MI,St. Clair County,193089
MI,St. Joseph County,147437
MI,Sanilac County,119658
MI,Schoolcraft County,116906
MI,Shiawassee County,140368
MI,Tuscola County,106438
MI,Van Buren County,197810
MI,Washtenaw County,325173
MI,Wayne County,129992
MI,Wexford County,126659
MN,Aitkin County,202799
MN,Anoka County,311141
MN,Becker County,248482
MN,Beltrami County,189398
MN,Benton County,220103
MN,Big Stone County,90752
MN,Blue Earth County,229773
MN,Brown County,166779
MN,Carlton County,191223
MN,Carver County,378700
MN,Cass County,208401
MN,Chippewa County,100253
MN,Chisago County,310076
MN,Clay County,212416
MN,Clearwater County,138259
MN,Cook County,283096
MN,Cottonwood County,111272
MN,Crow Wing County,228943
MN,Dakota County,332085
MN,Dodge County,227732
MN,Douglas County,249092
MN,Faribault County,107069
MN,Fillmore County,189754
MN,Freeborn County,123605
MN,Goodhue County,251420
MN,Grant County,136378
MN,Hennepin County,339850
MN,Houston County,217801
MN,Hubbard County,229775
MN,Isanti County,243172
MN,Itasca County,180498
MN,Jackson County,128963
MN,Kanabec County,176906
MN,Kandiyohi County,193587
MN,Kittson County,85094
MN,Koochiching County,112895
MN,Lac qui Parle County,76859
MN,Lake County,188996
MN,Lake of the Woods County,139922
MN,Le Sueur County,227180
MN,Lincoln County,80522
MN,Lyon County,162997
MN,McLeod County,207000
MN,Mahnomen County,94525
MN,Marshall County,111221
MN,Martin County,127332
MN,Meeker County,172722
MN,Mille Lacs County,197838
MN,Morrison County,207514
MN,Mower County,148527
MN,Murray County,139825
MN,Nicollet County,242083
MN,Nobles County,138534
MN,Norman County,98457
MN,Olmsted County,275474
MN,Otter Tail County,248861
MN,Pennington County,166596
MN,Pine County,182399
MN,Pipestone County,97075
MN,Polk County,204105
MN,Pope County,209123
MN,Ramsey County,292587
MN,Red Lake County,119167
MN,Redwood County,90969
MN,Renville County,118471
MN,Rice County,279995
MN,Rock County,147239
MN,Roseau County,151807
MN,St. Louis County,190050
MN,Scott County,367847
MN,Sherburne County,298133
MN,Sibley County,158414
MN,Stearns County,233117
MN,Steele County,199538
MN,Stevens County,145634
MN,Swift County,114277
MN,Todd County,141186
MN,Traverse County,51780
MN,Wabasha County,226143
MN,Wadena County,128200
MN,Waseca County,180151
MN,Washington County,361256
MN,Watonwan County,91452
MN,Wilkin County,134168
MN,Winona County,202726
MN,Wright County,297396
MN,Yellow Medicine County,93450
MO,Adair County,124841
MO,Andrew County,176083
MO,Atchison County,76454
MO,Audrain County,106488
MO,Barry County,138956
MO,Barton County,102058
MO,Bates County,131574
MO,Benton County,116928
MO,Bollinger County,128891
MO,Boone County,216136
MO,Buchanan County,116545
MO,Butler County,116437
MO,Caldwell County,134406
MO,Callaway County,168564
MO,Camden County,241758
MO,Cape Girardeau County,171283
MO,Carroll County,88084
MO,Carter County,183031
MO,Cass County,233756
MO,Cedar County,122850
MO,Chariton County,112099
MO,Christian County,222846
MO,Clark County,131550
MO,Clay County,230265
MO,Clinton County,174311
MO,Cole County,177697
MO,Cooper County,149308
MO,Crawford County,133422
MO,Dade County,100593
MO,Dallas County,135183
MO,Daviess County,141822
MO,DeKalb County,164670
MO,Dent County,115665
MO,Douglas County,117578
MO,Dunklin County,75549
MO,Franklin County,189847
MO,Gasconade County,141421
MO,Gentry County,99047
MO,Greene County,173427
MO,Grundy County,75725
MO,Harrison County,92082
MO,Henry County,108932
MO,Hickory County,110437
MO,Holt County,183031
MO,Howard County,139627
MO,Howell County,131698
MO,Iron County,91359
MO,Jackson County,183320
MO,Jasper County,143226
MO,Jefferson County,194928
MO,Johnson County,192067
MO,Knox County,183031
MO,Laclede County,138068
MO,Lafayette County,156952
MO,Lawrence County,125746
MO,Lewis County,116497
MO,Lincoln County,213346
MO,Linn County,69385
MO,Livingston County,119816
MO,McDonald County,117930
MO,Macon County,124459
MO,Madison County,103156
MO,Maries County,165662
MO,Marion County,124459
MO,Mercer County,71570
MO,Miller County,145068
MO,Mississippi County,82319
MO,Moniteau County,146596
MO,Monroe County,131394
MO,Montgomery County,105785
MO,Morgan County,183031
MO,New Madrid County,82066
MO,Newton County,138928
MO,Nodaway County,149731
MO,Oregon County,113230
MO,Osage County,179927
MO,Ozark County,152700
MO,Pemiscot County,78468
MO,Perry County,158117
MO,Pettis County,108779
MO,Phelps County,148062
MO,Pike County,114998
MO,Platte County,275158
MO,Polk County,147450
MO,Pulaski County,158083
MO,Putnam County,92094
MO,Ralls County,141495
MO,Randolph County,101332
MO,Ray County,149632
MO,Reynolds County,120451
MO,Ripley County,111868
MO,St. Charles County,265483
MO,St. Clair County,114997
MO,Ste. Genevieve County,134318
MO,St. Francois County,123925
MO,St. Louis County,217981
MO,Saline County,119146
MO,Schuyler County,124841
MO,Scotland County,183031
MO,Scott County,111280
MO,Shannon County,113049
MO,Shelby County,90571
MO,Stoddard County,98140
MO,Stone County,191556
MO,Sullivan County,48064
MO,Taney County,166631
MO,Texas County,129905
MO,Vernon County,107983
MO,Warren County,198676
MO,Washington County,105879
MO,Wayne County,183031
MO,Webster County,165712
MO,Worth County,183031
MO,Wright County,125931
MO,St. Louis city,146706
MS,Adams County,95467
MS,Alcorn County,105163
MS,Amite County,170119
MS,Attala County,81377
MS,Benton County,88143
MS,Bolivar County,135743
MS,Calhoun County,135743
MS,Carroll County,80680
MS,Chickasaw County,82678
MS,Choctaw County,77223
MS,Claiborne County,132921
MS,Clarke County,100126
MS,Clay County,111296
MS,Coahoma County,66260
MS,Copiah County,81380
MS,Covington County,114112
MS,DeSoto County,216788
MS,Forrest County,126350
MS,Franklin County,129247
MS,George County,131078
MS,Greene County,124259
MS,Grenada County,95428
MS,Hancock County,152572
MS,Harrison County,154706
MS,Hinds County,97540
MS,Holmes County,46896
MS,Humphreys County,127707
MS,Issaquena County,135743
MS,Itawamba County,103737
MS,Jackson County,148090
MS,Jasper County,88845
MS,Jefferson County,135743
MS,Jefferson Davis County,78405
MS,Jones County,109653
MS,Kemper County,100126
MS,Lafayette County,198360
MS,Lamar County,187427
MS,Lauderdale County,99733
MS,Lawrence County,100651
MS,Leake County,118151
MS,Lee County,134883
MS,Leflore County,60758
MS,Lincoln County,125899
MS,Lowndes County,125457
MS,Madison County,244196
MS,Marion County,100848
MS,Marshall County,115727
MS,Monroe County,99203
MS,Montgomery County,135743
MS,Neshoba County,108140
MS,Newton County,98950
MS,Noxubee County,135743
MS,Oktibbeha County,179827
MS,Panola County,114430
MS,Pearl River County,148118
MS,Perry County,102419
MS,Pike County,108162
MS,Pontotoc County,118665
MS,Prentiss County,95838
MS,Quitman County,135743
MS,Rankin County,195275
MS,Scott County,80966
MS,Sharkey County,135743
MS,Simpson County,104755
MS,Smith County,97260
MS,Stone County,121906
MS,Sunflower County,69079
MS,Tallahatchie County,135743
MS,Tate County,144389
MS,Tippah County,91763
MS,Tishomingo County,95299
MS,Tunica County,95910
MS,Union County,118524
MS,Walthall County,116052
MS,Warren County,133108
MS,Washington County,135743
MS,Wayne County,115669
MS,Webster County,134158
MS,Wilkinson County,135743
MS,Winston County,103248
MS,Yalobusha County,90550
MS,Yazoo County,70874
MT,Beaverhead County,247065
MT,Big Horn County,328826
MT,Blaine County,328826
MT,Broadwater County,297879
MT,Carbon County,341719
MT,Carter County,328826
MT,Cascade County,218618
MT,Chouteau County,177672
MT,Custer County,191397
MT,Daniels County,328826
MT,Dawson County,173650
MT,Deer Lodge County,143072
MT,Fallon County,328826
MT,Fergus County,228594
MT,Flathead County,413070
MT,Gallatin County,528241
MT,Garfield County,328826
MT,Glacier County,111316
MT,Golden Valley County,291399
MT,Granite County,267347
MT,Hill County,200637
MT,Jefferson County,343810
MT,Judith Basin County,196229
MT,Lake County,358235
MT,Lewis and Clark County,325931
MT,Liberty County,328826
MT,Lincoln County,254834
MT,McCone County,328826
MT,Madison County,436449
MT,Meagher County,219937
MT,Mineral County,223538
MT,Missoula County,406314
MT,Musselshell County,328826
MT,Park County,399241
MT,Petroleum County,328826
MT,Phillips County,328826
MT,Pondera County,150387
MT,Powder River County,328826
MT,Powell County,193349
MT,Prairie County,328826
MT,Ravalli County,391846
MT,Richland County,349936
MT,Roosevelt County,328826
MT,Rosebud County,328826
MT,Sanders County,259274
MT,Sheridan County,328826
MT,Silver Bow County,157885
MT,Stillwater County,318171
MT,Sweet Grass County,301772
MT,Teton County,213875
MT,Toole County,99400
MT,Treasure County,328826
MT,Valley County,191129
MT,Wheatland County,328826
MT,Wibaux County,328826
MT,Yellowstone County,287995
NC,Alamance County,182233
NC,Alexander County,166853
NC,Alleghany County,178220
NC,Anson County,84471
NC,Ashe County,203467
NC,Avery County,163424
NC,Beaufort County,149697
NC,Bertie County,87389
NC,Bladen County,98130
NC,Brunswick County,280581
NC,Buncombe County,339216
NC,Burke County,168290
NC,Cabarrus County,268451
NC,Caldwell County,142420
NC,Camden County,253564
NC,Carteret County,304127
NC,Caswell County,118528
NC,Catawba County,191186
NC,Chatham County,355706
NC,Cherokee County,173122
NC,Chowan County,149920
NC,Clay County,200858
NC,Cleveland County,135318
NC,Columbus County,100588
NC,Craven County,175916
NC,Cumberland County,145810
NC,Currituck County,354992
NC,Dare County,355098
NC,Davidson County,174359
NC,Davie County,207579
NC,Duplin County,97815
NC,Durham County,284463
NC,Edgecombe County,61908
NC,Forsyth County,187736
NC,Franklin County,214865
NC,Gaston County,204166
NC,Gates County,137710
NC,Graham County,152294
NC,Granville County,208108
NC,Greene County,110587
NC,Guilford County,192846
NC,Halifax County,72850
NC,Harnett County,194076
NC,Haywood County,236801
NC,Henderson County,299012
NC,Hertford County,132109
NC,Hoke County,174012
NC,Hyde County,132412
NC,Iredell County,255514
NC,Jackson County,275203
NC,Johnston County,233041
NC,Jones County,91453
NC,Lee County,156103
NC,Lenoir County,97427
NC,Lincoln County,260945
NC,McDowell County,160790
NC,Macon County,234319
NC,Madison County,227405
NC,Martin County,82791
NC,Mecklenburg County,301038
NC,Mitchell County,152184
NC,Montgomery County,130280
NC,Moore County,269405
NC,Nash County,154501
NC,New Hanover County,284486
NC,Northampton County,77956
NC,Onslow County,179046
NC,Orange County,354617
NC,Pamlico County,190735
NC,Pasquotank County,168500
NC,Pender County,283193
NC,Perquimans County,163901
NC,Person County,162187
NC,Pitt County,158609
NC,Polk County,236740
NC,Randolph County,164585
NC,Richmond County,78028
NC,Robeson County,83908
NC,Rockingham County,124144
NC,Rowan County,173545
NC,Rutherford County,136639
NC,Sampson County,123497
NC,Scotland County,80015
NC,Stanly County,164390
NC,Stokes County,165224
NC,Surry County,139340
NC,Swain County,187266
NC,Transylvania County,265290
NC,Tyrrell County,93988
NC,Union County,312498
NC,Vance County,91927
NC,Wake County,343821
NC,Warren County,155397
NC,Washington County,66372
NC,Watauga County,320086
NC,Wayne County,145681
NC,Wilkes County,147686
NC,Wilson County,130630
NC,Yadkin County,140835
NC,Yancey County,199185
ND,Adams County,127837
ND,Barnes County,122779
ND,Benson County,85346
ND,Billings County,240841
ND,Bottineau County,240841
ND,Bowman County,240841
ND,Burke County,240841
ND,Burleigh County,290867
ND,Cass County,245779
ND,Cavalier County,240841
ND,Dickey County,102486
ND,Divide County,240841
ND,Dunn County,240841
ND,Eddy County,240841
ND,Emmons County,74732
ND,Foster County,240841
ND,Golden Valley County,240841
ND,Grand Forks County,216146
ND,Grant County,240841
ND,Griggs County,240841
ND,Hettinger County,240841
ND,Kidder County,240841
ND,LaMoure County,240841
ND,Logan County,240841
ND,McHenry County,153544
ND,McIntosh County,240841
ND,McKenzie County,264993
ND,McLean County,179696
ND,Mercer County,161015
ND,Morton County,236799
ND,Mountrail County,194625
ND,Nelson County,240841
ND,Oliver County,286016
ND,Pembina County,89307
ND,Pierce County,240841
ND,Ramsey County,171121
ND,Ransom County,240841
ND,Renville County,193862
ND,Richland County,136114
ND,Rolette County,89026
ND,Sargent County,240841
ND,Sheridan County,240841
ND,Sioux County,286016
ND,Slope County,240841
ND,Stark County,265561
ND,Steele County,240841
ND,Stutsman County,173385
ND,Towner County,240841
ND,Traill County,131672
ND,Walsh County,93779
ND,Ward County,203541
ND,Wells County,240841
ND,Williams County,259445
NE,Adams County,138775
NE,Antelope County,119626
NE,Arthur County,195635
NE,Banner County,144578
NE,Blaine County,195635
NE,Boone County,160602
NE,Box Butte County,104777
NE,Boyd County,195635
NE,Brown County,86163
NE,Buffalo County,220430
NE,Burt County,112932
NE,Butler County,143176
NE,Cass County,210695
NE,Cedar County,139691
NE,Chase County,195635
NE,Cherry County,195635
NE,Cheyenne County,107141
NE,Clay County,101713
NE,Colfax County,129634
NE,Cuming County,162393
NE,Custer County,95723
NE,Dakota County,159818
NE,Dawes County,127766
NE,Dawson County,124965
NE,Deuel County,195635
NE,Dixon County,122488
NE,Dodge County,152871
NE,Douglas County,221134
NE,Dundy County,195635
NE,Fillmore County,101104
NE,Franklin County,195635
NE,Frontier County,78187
NE,Furnas County,195635
NE,Gage County,111344
NE,Garden County,195635
NE,Garfield County,195635
NE,Gosper County,124965
NE,Grant County,195635
NE,Greeley County,195635
NE,Hall County,172076
NE,Hamilton County,189624
NE,Harlan County,195635
NE,Hayes County,195635
NE,Hitchcock County,195635
NE,Holt County,144736
NE,Hooker County,195635
NE,Howard County,188207
NE,Jefferson County,79115
NE,Johnson County,124410
NE,Kearney County,165410
NE,Keith County,145112
NE,Keya Paha County,195635
NE,Kimball County,195635
NE,Knox County,99016
NE,Lancaster County,225212
NE,Lincoln County,151295
NE,Logan County,151295
NE,Loup County,195635
NE,McPherson County,151295
NE,Madison County,165770
NE,Merrick County,139173
NE,Morrill County,110837
NE,Nance County,117998
NE,Nemaha County,90017
NE,Nuckolls County,62412
NE,Otoe County,156621
NE,Pawnee County,77165
NE,Perkins County,195635
NE,Phelps County,148112
NE,Pierce County,165085
NE,Platte County,189611
NE,Polk County,137576
NE,Red Willow County,115356
NE,Richardson County,69374
NE,Rock County,195635
NE,Saline County,128281
NE,Sarpy County,255323
NE,Saunders County,203506
NE,Scotts Bluff County,144578
NE,Seward County,198225
NE,Sheridan County,195635
NE,Sherman County,195635
NE,Sioux County,144578
NE,Stanton County,165724
NE,Thayer County,195635
NE,Thomas County,195635
NE,Thurston County,91306
NE,Valley County,195635
NE,Washington County,226897
NE,Wayne County,161926
NE,Webster County,82805
NE,Wheeler County,195635
NE,York County,137582
NH,Belknap County,312570
NH,Carroll County,330016
NH,Cheshire County,239611
NH,Coos County,137679
NH,Grafton County,253240
NH,Hillsborough County,354473
NH,Merrimack County,309882
NH,Rockingham County,426811
NH,Strafford County,313551
NH,Sullivan County,218730
NJ,Atlantic County,230175
NJ,Bergen County,542588
NJ,Burlington County,267177
NJ,Camden County,216860
NJ,Cape May County,462350
NJ,Cumberland County,165651
NJ,Essex County,468367
NJ,Gloucester County,237587
NJ,Hudson County,514892
NJ,Hunterdon County,427996
NJ,Mercer County,280229
NJ,Middlesex County,379689
NJ,Monmouth County,507152
NJ,Morris County,486484
NJ,Ocean County,335481
NJ,Passaic County,399669
NJ,Salem County,161378
NJ,Somerset County,456723
NJ,Sussex County,292409
NJ,Union County,437621
NJ,Warren County,279599
NM,Bernalillo County,246455
NM,Catron County,232164
NM,Chaves County,113832
NM,Cibola County,96391
NM,Colfax County,149206
NM,Curry County,165104
NM,De Baca County,232164
NM,Do̱a Ana County,232164
NM,Eddy County,232164
NM,Grant County,160541
NM,Guadalupe County,127286
NM,Harding County,232164
NM,Hidalgo County,232164
NM,Lea County,185193
NM,Lincoln County,245726
NM,Los Alamos County,327519
NM,Luna County,118372
NM,McKinley County,175989
NM,Mora County,232164
NM,Otero County,142566
NM,Quay County,83443
NM,Rio Arriba County,180150
NM,Roosevelt County,106469
NM,Sandoval County,252597
NM,San Juan County,151897
NM,San Miguel County,166858
NM,Santa Fe County,416545
NM,Sierra County,121633
NM,Socorro County,133954
NM,Taos County,314244
NM,Torrance County,123852
NM,Union County,57226
NM,Valencia County,180023
NV,Churchill County,260322
NV,Clark County,320222
NV,Douglas County,525366
NV,Elko County,279934
NV,Esmeralda County,338426
NV,Eureka County,164725
NV,Humboldt County,251446
NV,Lander County,202901
NV,Lincoln County,161950
NV,Lyon County,316869
NV,Mineral County,89470
NV,Nye County,262614
NV,Pershing County,145940
NV,Storey County,345468
NV,Washoe County,453483
NV,White Pine County,145126
NV,Carson City,382938
NY,Albany County,250897
NY,Allegany County,82069
NY,Bronx County,307765
NY,Broome County,131475
NY,Cattaraugus County,88048
NY,Cayuga County,144447
NY,Chautauqua County,115624
NY,Chemung County,108604
NY,Chenango County,113275
NY,Clinton County,155338
NY,Columbia County,290983
NY,Cortland County,138218
NY,Delaware County,161473
NY,Dutchess County,355645
NY,Erie County,203775
NY,Essex County,162498
NY,Franklin County,119026
NY,Fulton County,128111
NY,Genesee County,148261
NY,Greene County,236432
NY,Hamilton County,219061
NY,Herkimer County,122176
NY,Jefferson County,150734
NY,Kings County,675172
NY,Lewis County,133409
NY,Livingston County,156447
NY,Madison County,152069
NY,Monroe County,180118
NY,Montgomery County,125183
NY,Nassau County,615159
NY,New York County,927734
NY,Niagara County,169992
NY,Oneida County,156961
NY,Onondaga County,172967
NY,Ontario County,201417
NY,Orange County,312885
NY,Orleans County,118455
NY,Oswego County,133693
NY,Otsego County,160646
NY,Putnam County,402049
NY,Queens County,546776
NY,Rensselaer County,219435
NY,Richmond County,569203
NY,Rockland County,509668
NY,St. Lawrence County,83657
NY,Saratoga County,304937
NY,Schenectady County,203350
NY,Schoharie County,155102
NY,Schuyler County,153804
NY,Seneca County,132021
NY,Steuben County,113429
NY,Suffolk County,614078
NY,Sullivan County,204982
NY,Tioga County,144008
NY,Tompkins County,235774
NY,Ulster County,301516
NY,Warren County,236271
NY,Washington County,171215
NY,Wayne County,149982
NY,Westchester County,672215
NY,Wyoming County,132860
NY,Yates County,175122
OH,Adams County,107739
OH,Allen County,133437
OH,Ashland County,152141
OH,Ashtabula County,118289
OH,Athens County,124889
OH,Auglaize County,153615
OH,Belmont County,115416
OH,Brown County,146076
OH,Butler County,214321
OH,Carroll County,146200
OH,Champaign County,152401
OH,Clark County,132681
OH,Clermont County,221718
OH,Clinton County,137693
OH,Columbiana County,111208
OH,Coshocton County,122282
OH,Crawford County,87294
OH,Cuyahoga County,160211
OH,Darke County,149974
OH,Defiance County,131614
OH,Delaware County,368466
OH,Erie County,161632
OH,Fairfield County,247478
OH,Fayette County,127803
OH,Franklin County,227110
OH,Fulton County,161886
OH,Gallia County,117112
OH,Geauga County,260648
OH,Greene County,206716
OH,Guernsey County,113759
OH,Hamilton County,196295
OH,Hancock County,167136
OH,Hardin County,118240
OH,Harrison County,100361
OH,Henry County,142276
OH,Highland County,119580
OH,Hocking County,144913
OH,Holmes County,234192
OH,Huron County,124884
OH,Jackson County,96087
OH,Jefferson County,87907
OH,Knox County,169679
OH,Lake County,178452
OH,Lawrence County,112457
OH,Licking County,222928
OH,Logan County,157721
OH,Lorain County,172884
OH,Lucas County,122283
OH,Madison County,199049
OH,Mahoning County,114041
OH,Marion County,109189
OH,Medina County,248185
OH,Meigs County,79951
OH,Mercer County,174657
OH,Miami County,182020
OH,Monroe County,113651
OH,Montgomery County,138069
OH,Morgan County,106886
OH,Morrow County,175308
OH,Muskingum County,130381
OH,Noble County,113820
OH,Ottawa County,188214
OH,Paulding County,98964
OH,Perry County,114647
OH,Pickaway County,201039
OH,Pike County,116148
OH,Portage County,192707
OH,Preble County,149866
OH,Putnam County,163233
OH,Richland County,127228
OH,Ross County,136524
OH,Sandusky County,130314
OH,Scioto County,89467
OH,Seneca County,117246
OH,Shelby County,155138
OH,Stark County,155775
OH,Summit County,163774
OH,Trumbull County,112122
OH,Tuscarawas County,140374
OH,Union County,287253
OH,Van Wert County,110023
OH,Vinton County,91435
OH,Warren County,285319
OH,Washington County,136310
OH,Wayne County,188850
OH,Williams County,117667
OH,Wood County,188226
OH,Wyandot County,114009
OK,Adair County,75912
OK,Alfalfa County,70194
OK,Atoka County,114825
OK,Beaver County,108547
OK,Beckham County,102147
OK,Blaine County,64288
OK,Bryan County,121301
OK,Caddo County,78396
OK,Canadian County,185066
OK,Carter County,98255
OK,Cherokee County,116393
OK,Choctaw County,65050
OK,Cimarron County,143173
OK,Cleveland County,183124
OK,Coal County,88100
OK,Comanche County,104480
OK,Cotton County,72673
OK,Craig County,111174
OK,Creek County,123819
OK,Custer County,122326
OK,Delaware County,168895
OK,Dewey County,93328
OK,Ellis County,70764
OK,Garfield County,91782
OK,Garvin County,75323
OK,Grady County,140661
OK,Grant County,71552
OK,Greer County,44101
OK,Harmon County,35518
OK,Harper County,75503
OK,Haskell County,90872
OK,Hughes County,69646
OK,Jackson County,67233
OK,Jefferson County,41588
OK,Johnston County,89758
OK,Kay County,68581
OK,Kingfisher County,138018
OK,Kiowa County,44513
OK,Latimer County,72981
OK,Le Flore County,123819
OK,Lincoln County,103611
OK,Logan County,179835
OK,Love County,117471
OK,McClain County,187003
OK,McCurtain County,85575
OK,McIntosh County,86460
OK,Major County,89222
OK,Marshall County,92449
OK,Mayes County,132253
OK,Murray County,97728
OK,Muskogee County,84496
OK,Noble County,89637
OK,Nowata County,77874
OK,Okfuskee County,72299
OK,Oklahoma County,164280
OK,Okmulgee County,69245
OK,Osage County,117270
OK,Ottawa County,77539
OK,Pawnee County,96399
OK,Payne County,158398
OK,Pittsburg County,90282
OK,Pontotoc County,105292
OK,Pottawatomie County,103474
OK,Pushmataha County,128276
OK,Roger Mills County,143173
OK,Rogers County,194674
OK,Seminole County,63454
OK,Sequoyah County,93537
OK,Stephens County,86632
OK,Texas County,104794
OK,Tillman County,33844
OK,Tulsa County,167456
OK,Wagoner County,187570
OK,Washington County,110626
OK,Washita County,66233
OK,Woods County,79123
OK,Woodward County,109061
OR,Baker County,179644
OR,Benton County,406700
OR,Clackamas County,499068
OR,Clatsop County,372569
OR,Columbia County,358552
OR,Coos County,255527
OR,Crook County,301583
OR,Curry County,358817
OR,Deschutes County,511238
OR,Douglas County,240596
OR,Gilliam County,144023
OR,Grant County,169575
OR,Harney County,117614
OR,Hood River County,492482
OR,Jackson County,365275
OR,Jefferson County,251213
OR,Josephine County,340996
OR,Klamath County,214533
OR,Lake County,109959
OR,Lane County,365322
OR,Lincoln County,345742
OR,Linn County,315554
OR,Malheur County,162532
OR,Marion County,335109
OR,Morrow County,183593
OR,Multnomah County,476561
OR,Polk County,368414
OR,Sherman County,135456
OR,Tillamook County,352520
OR,Umatilla County,226344
OR,Union County,210362
OR,Wallowa County,302599
OR,Wasco County,265587
OR,Washington County,481809
OR,Wheeler County,183030
OR,Yamhill County,409902
PA,Adams County,225788
PA,Allegheny County,192207
PA,Armstrong County,117747
PA,Beaver County,155575
PA,Bedford County,154069
PA,Berks County,212180
PA,Blair County,122035
PA,Bradford County,147993
PA,Bucks County,380727
PA,Butler County,279871
PA,Cambria County,86258
PA,Cameron County,64013
PA,Carbon County,169260
PA,Centre County,268352
PA,Chester County,405903
PA,Clarion County,101044
PA,Clearfield County,107170
PA,Clinton County,150013
PA,Columbia County,167409
PA,Crawford County,112993
PA,Cumberland County,233758
PA,Dauphin County,191499
PA,Delaware County,271373
PA,Elk County,90454
PA,Erie County,146089
PA,Fayette County,119995
PA,Forest County,86839
PA,Franklin County,201629
PA,Fulton County,135093
PA,Greene County,127477
PA,Huntingdon County,128041
PA,Indiana County,133329
PA,Jefferson County,89174
PA,Juniata County,171208
PA,Lackawanna County,150490
PA,Lancaster County,265081
PA,Lawrence County,113917
PA,Lebanon County,210034
PA,Lehigh County,239705
PA,Luzerne County,131048
PA,Lycoming County,165602
PA,McKean County,69511
PA,Mercer County,137279
PA,Mifflin County,110349
PA,Monroe County,207239
PA,Montgomery County,362531
PA,Montour County,197351
PA,Northampton County,253470
PA,Northumberland County,117330
PA,Perry County,196536
PA,Philadelphia County,209996
PA,Pike County,196816
PA,Potter County,90993
PA,Schuylkill County,94158
PA,Snyder County,180367
PA,Somerset County,116358
PA,Sullivan County,155830
PA,Susquehanna County,97666
PA,Tioga County,161636
PA,Union County,195549
PA,Venango County,89677
PA,Warren County,93918
PA,Washington County,184697
PA,Wayne County,194443
PA,Westmoreland County,183205
PA,Wyoming County,179198
PA,York County,209697
RI,Bristol County,417426
RI,Kent County,294393
RI,Newport County,506588
RI,Providence County,310335
RI,Washington County,449530
SC,Abbeville County,131374
SC,Aiken County,173323
SC,Allendale County,36493
SC,Anderson County,192276
SC,Bamberg County,68762
SC,Barnwell County,104843
SC,Beaufort County,346460
SC,Berkeley County,243060
SC,Calhoun County,179560
SC,Charleston County,380360
SC,Cherokee County,90822
SC,Chester County,89287
SC,Chesterfield County,120417
SC,Clarendon County,121691
SC,Colleton County,150795
SC,Darlington County,94600
SC,Dillon County,92668
SC,Dorchester County,253661
SC,Edgefield County,170209
SC,Fairfield County,97720
SC,Florence County,142246
SC,Georgetown County,283708
SC,Greenville County,238821
SC,Greenwood County,117840
SC,Hampton County,77845
SC,Horry County,211276
SC,Jasper County,185291
SC,Kershaw County,146053
SC,Lancaster County,249744
SC,Laurens County,116777
SC,Lee County,80193
SC,Lexington County,190296
SC,McCormick County,210727
SC,Marion County,72518
SC,Marlboro County,59688
SC,Newberry County,145750
SC,Oconee County,188035
SC,Orangeburg County,102196
SC,Pickens County,195825
SC,Richland County,170760
SC,Saluda County,117776
SC,Spartanburg County,176164
SC,Sumter County,136174
SC,Union County,62351
SC,Williamsburg County,75365
SC,York County,281868
SD,Aurora County,230530
SD,Beadle County,230530
SD,Bennett County,230530
SD,Bon Homme County,123496
SD,Brookings County,218198
SD,Brown County,177814
SD,Brule County,230530
SD,Buffalo County,230530
SD,Butte County,176238
SD,Campbell County,230530
SD,Charles Mix County,129578
SD,Clark County,230530
SD,Clay County,192107
SD,Codington County,212313
SD,Corson County,230530
SD,Custer County,255875
SD,Davison County,174195
SD,Day County,125277
SD,Deuel County,154583
SD,Dewey County,230530
SD,Douglas County,230530
SD,Edmunds County,171071
SD,Fall River County,155659
SD,Faulk County,230530
SD,Grant County,230530
SD,Gregory County,230530
SD,Haakon County,230530
SD,Hamlin County,153454
SD,Hand County,230530
SD,Hanson County,144635
SD,Harding County,230530
SD,Hughes County,222484
SD,Hutchinson County,97297
SD,Hyde County,230530
SD,Jackson County,230530
SD,Jerauld County,230530
SD,Jones County,230530
SD,Kingsbury County,116702
SD,Lake County,183902
SD,Lawrence County,259279
SD,Lincoln County,276814
SD,Lyman County,230530
SD,McCook County,140885
SD,McPherson County,230530
SD,Marshall County,230530
SD,Meade County,242658
SD,Mellette County,230530
SD,Miner County,230530
SD,Minnehaha County,234637
SD,Moody County,181923
SD,Pennington County,253826
SD,Perkins County,230530
SD,Potter County,230530
SD,Roberts County,155954
SD,Sanborn County,230530
SD,Shannon County,230530
SD,Spink County,105193
SD,Stanley County,225671
SD,Sully County,221815
SD,Todd County,230530
SD,Tripp County,230530
SD,Turner County,172231
SD,Union County,259314
SD,Walworth County,230530
SD,Yankton County,187395
SD,Ziebach County,230530
TN,Anderson County,181831
TN,Bedford County,196822
TN,Benton County,108527
TN,Bledsoe County,120895
TN,Blount County,238230
TN,Bradley County,199328
TN,Campbell County,127213
TN,Cannon County,167668
TN,Carroll County,95977
TN,Carter County,167955
TN,Cheatham County,310812
TN,Chester County,132402
TN,Claiborne County,122228
TN,Clay County,106907
TN,Cocke County,119480
TN,Coffee County,169514
TN,Crockett County,97627
TN,Cumberland County,187536
TN,Davidson County,322165
TN,Decatur County,102539
TN,DeKalb County,159094
TN,Dickson County,217234
TN,Dyer County,104854
TN,Fayette County,257200
TN,Fentress County,108838
TN,Franklin County,175412
TN,Gibson County,91591
TN,Giles County,136692
TN,Grainger County,151475
TN,Greene County,137529
TN,Grundy County,105117
TN,Hamblen County,153591
TN,Hamilton County,223163
TN,Hancock County,89120
TN,Hardeman County,91112
TN,Hardin County,129951
TN,Hawkins County,147533
TN,Haywood County,95546
TN,Henderson County,124044
TN,Henry County,125778
TN,Hickman County,143492
TN,Houston County,126187
TN,Humphreys County,142120
TN,Jackson County,120288
TN,Jefferson County,173524
TN,Johnson County,121351
TN,Knox County,238390
TN,Lake County,59297
TN,Lauderdale County,82722
TN,Lawrence County,127455
TN,Lewis County,122883
TN,Lincoln County,145175
TN,Loudon County,261847
TN,McMinn County,145272
TN,McNairy County,99907
TN,Macon County,121741
TN,Madison County,143430
TN,Marion County,145080
TN,Marshall County,202362
TN,Maury County,266360
TN,Meigs County,189601
TN,Monroe County,158859
TN,Montgomery County,214627
TN,Moore County,203021
TN,Morgan County,121094
TN,Obion County,97535
TN,Overton County,136752
TN,Perry County,102508
TN,Pickett County,142726
TN,Polk County,139060
TN,Putnam County,195203
TN,Rhea County,157696
TN,Roane County,178285
TN,Robertson County,253484
TN,Rutherford County,282268
TN,Scott County,100560
TN,Sequatchie County,147264
TN,Sevier County,279531
TN,Shelby County,170213
TN,Smith County,151486
TN,Stewart County,148811
TN,Sullivan County,150924
TN,Sumner County,297690
TN,Tipton County,166522
TN,Trousdale County,153908
TN,Unicoi County,134442
TN,Union County,163889
TN,Van Buren County,133954
TN,Warren County,141579
TN,Washington County,192685
TN,Wayne County,107458
TN,Weakley County,103042
TN,White County,144316
TN,Williamson County,545432
TN,Wilson County,337082
TX,Anderson County,113388
TX,Andrews County,179934
TX,Angelina County,128703
TX,Aransas County,232107
TX,Archer County,140231
TX,Armstrong County,129282
TX,Atascosa County,163052
TX,Austin County,259509
TX,Bailey County,86015
TX,Bandera County,240789
TX,Bastrop County,238523
TX,Baylor County,72910
TX,Bee County,125491
TX,Bell County,176261
TX,Bexar County,211308
TX,Blanco County,361587
TX,Borden County,228255
TX,Bosque County,130286
TX,Bowie County,126391
TX,Brazoria County,244956
TX,Brazos County,231487
TX,Brewster County,188069
TX,Briscoe County,228255
TX,Brooks County,67518
TX,Brown County,118263
TX,Burleson County,150482
TX,Burnet County,278546
TX,Caldwell County,189146
TX,Calhoun County,149890
TX,Callahan County,125878
TX,Cameron County,119737
TX,Camp County,116101
TX,Carson County,110516
TX,Cass County,105319
TX,Castro County,89367
TX,Chambers County,258419
TX,Cherokee County,128088
TX,Childress County,68680
TX,Clay County,108243
TX,Cochran County,228255
TX,Coke County,228255
TX,Coleman County,58923
TX,Collin County,371858
TX,Collingsworth County,228255
TX,Colorado County,156756
TX,Comal County,348332
TX,Comanche County,103533
TX,Concho County,228255
TX,Cooke County,193004
TX,Coryell County,148311
TX,Cottle County,228255
TX,Crane County,139688
TX,Crockett County,228255
TX,Crosby County,57099
TX,Culberson County,228255
TX,Dallam County,76872
TX,Dallas County,242144
TX,Dawson County,79586
TX,Deaf Smith County,102963
TX,Delta County,85263
TX,Denton County,341384
TX,DeWitt County,138513
TX,Dickens County,228255
TX,Dimmit County,105676
TX,Donley County,89105
TX,Duval County,228255
TX,Eastland County,86500
TX,Ector County,178951
TX,Edwards County,228255
TX,Ellis County,262769
TX,El Paso County,151751
TX,Erath County,174767
TX,Falls County,86726
TX,Fannin County,141406
TX,Fayette County,259649
TX,Fisher County,111003
TX,Floyd County,74525
TX,Foard County,228255
TX,Fort Bend County,285802
TX,Franklin County,185656
TX,Freestone County,128220
TX,Frio County,90942
TX,Gaines County,168078
TX,Galveston County,249184
TX,Garza County,86985
TX,Gillespie County,369167
TX,Glasscock County,130728
TX,Goliad County,220764
TX,Gonzales County,148747
TX,Gray County,64743
TX,Grayson County,192568
TX,Gregg County,155455
TX,Grimes County,167115
TX,Guadalupe County,256747
TX,Hale County,81428
TX,Hall County,50932
TX,Hamilton County,114042
TX,Hansford County,96432
TX,Hardeman County,228255
TX,Hardin County,182688
TX,Harris County,220051
TX,Harrison County,139284
TX,Hartley County,228255
TX,Haskell County,59955
TX,Hays County,317537
TX,Hemphill County,228255
TX,Henderson County,189209
TX,Hidalgo County,131910
TX,Hill County,112340
TX,Hockley County,120217
TX,Hood County,273372
TX,Hopkins County,131531
TX,Houston County,110944
TX,Howard County,130728
TX,Hudspeth County,151751
TX,Hunt County,194021
TX,Hutchinson County,73392
TX,Irion County,161835
TX,Jack County,124247
TX,Jackson County,137643
TX,Jasper County,120671
TX,Jeff Davis County,228255
TX,Jefferson County,127540
TX,Jim Hogg County,228255
TX,Jim Wells County,150606
TX,Johnson County,243445
TX,Jones County,109005
TX,Karnes County,144521
TX,Kaufman County,246510
TX,Kendall County,403431
TX,Kenedy County,108936
TX,Kent County,228255
TX,Kerr County,266820
TX,Kimble County,100438
TX,King County,228255
TX,Kinney County,82854
TX,Kleberg County,108936
TX,Knox County,228255
TX,Lamar County,115962
TX,Lamb County,54782
TX,Lampasas County,193587
TX,La Salle County,228255
TX,Lavaca County,182711
TX,Lee County,227058
TX,Leon County,178238
TX,Liberty County,152023
TX,Limestone County,104669
TX,Lipscomb County,228255
TX,Live Oak County,143904
TX,Llano County,302889
TX,Loving County,228255
TX,Lubbock County,162188
TX,Lynn County,99204
TX,McCulloch County,127587
TX,McLennan County,185589
TX,McMullen County,228255
TX,Madison County,182754
TX,Marion County,125747
TX,Martin County,218096
TX,Mason County,228255
TX,Matagorda County,159087
TX,Maverick County,143758
TX,Medina County,231847
TX,Menard County,228255
TX,Midland County,258765
TX,Milam County,143518
TX,Mills County,276901
TX,Mitchell County,71675
TX,Montague County,117227
TX,Montgomery County,272799
TX,Moore County,132311
TX,Morris County,89190
TX,Motley County,228255
TX,Nacogdoches County,158601
TX,Navarro County,116375
TX,Newton County,100422
TX,Nolan County,82141
TX,Nueces County,181873
TX,Ochiltree County,120228
TX,Oldham County,157339
TX,Orange County,145611
TX,Palo Pinto County,132070
TX,Panola County,148003
TX,Parker County,317188
TX,Parmer County,106838
TX,Pecos County,133420
TX,Polk County,131312
TX,Potter County,103633
TX,Presidio County,228255
TX,Rains County,168993
TX,Randall County,190687
TX,Reagan County,129483
TX,Real County,182425
TX,Red River County,69697
TX,Reeves County,132278
TX,Refugio County,102837
TX,Roberts County,228255
TX,Robertson County,142406
TX,Rockwall County,317791
TX,Runnels County,70067
TX,Rusk County,139435
TX,Sabine County,117984
TX,San Augustine County,121043
TX,San Jacinto County,150209
TX,San Patricio County,167301
TX,San Saba County,126291
TX,Schleicher County,228255
TX,Scurry County,106030
TX,Shackelford County,135247
TX,Shelby County,110646
TX,Sherman County,228255
TX,Smith County,187648
TX,Somervell County,255521
TX,Starr County,63426
TX,Stephens County,85608
TX,Sterling County,228255
TX,Stonewall County,228255
TX,Sutton County,228255
TX,Swisher County,57962
TX,Tarrant County,247649
TX,Taylor County,151754
TX,Terrell County,228255
TX,Terry County,77448
TX,Throckmorton County,228255
TX,Titus County,133955
TX,Tom Green County,161835
TX,Travis County,463373
TX,Trinity County,118290
TX,Tyler County,110447
TX,Upshur County,178729
TX,Upton County,228255
TX,Uvalde County,136309
TX,Val Verde County,130422
TX,Van Zandt County,171631
TX,Victoria County,166881
TX,Walker County,199226
TX,Waller County,257207
TX,Ward County,122710
TX,Washington County,235363
TX,Webb County,160200
TX,Wharton County,148496
TX,Wheeler County,81896
TX,Wichita County,113048
TX,Wilbarger County,68762
TX,Willacy County,72535
TX,Williamson County,361925
TX,Wilson County,310945
TX,Winkler County,94029
TX,Wise County,254294
TX,Wood County,160819
TX,Yoakum County,128191
TX,Young County,101944
TX,Zapata County,97208
TX,Zavala County,63039
UT,Beaver County,408466
UT,Box Elder County,316820
UT,Cache County,334316
UT,Carbon County,162627
UT,Daggett County,214360
UT,Davis County,426761
UT,Duchesne County,230726
UT,Emery County,408466
UT,Garfield County,408466
UT,Grand County,423461
UT,Iron County,263375
UT,Juab County,279544
UT,Kane County,273190
UT,Millard County,186867
UT,Morgan County,491950
UT,Piute County,408466
UT,Rich County,355674
UT,Salt Lake County,447003
UT,San Juan County,219928
UT,Sanpete County,209727
UT,Sevier County,216075
UT,Summit County,849925
UT,Tooele County,337333
UT,Uintah County,246500
UT,Utah County,419714
UT,Wasatch County,538802
UT,Washington County,378504
UT,Wayne County,408466
UT,Weber County,343997
VA,Accomack County,192246
VA,Albemarle County,387954
VA,Alleghany County,108993
VA,Amelia County,208145
VA,Amherst County,173832
VA,Appomattox County,160406
VA,Arlington County,795422
VA,Augusta County,244246
VA,Bath County,142936
VA,Bedford County,245473
VA,Bland County,124390
VA,Botetourt County,239939
VA,Brunswick County,114731
VA,Buchanan County,64083
VA,Buckingham County,138183
VA,Campbell County,178473
VA,Caroline County,221130
VA,Carroll County,126094
VA,Charles City County,188876
VA,Charlotte County,136014
VA,Chesterfield County,287045
VA,Clarke County,389463
VA,Craig County,158782
VA,Culpeper County,322234
VA,Cumberland County,169475
VA,Dickenson County,60734
VA,Dinwiddie County,171113
VA,Essex County,199589
VA,Fairfax County,635074
VA,Fauquier County,478883
VA,Floyd County,169404
VA,Fluvanna County,237869
VA,Franklin County,241382
VA,Frederick County,304383
VA,Giles County,125492
VA,Gloucester County,257732
VA,Goochland County,353599
VA,Grayson County,121866
VA,Greene County,251808
VA,Greensville County,87182
VA,Halifax County,110994
VA,Hanover County,321020
VA,Henrico County,281229
VA,Henry County,91478
VA,Highland County,186399
VA,Isle of Wight County,294992
VA,James City County,349618
VA,King and Queen County,180837
VA,King George County,320361
VA,King William County,218742
VA,Lancaster County,256672
VA,Lee County,77787
VA,Loudoun County,611492
VA,Louisa County,242262
VA,Lunenburg County,103305
VA,Madison County,241427
VA,Mathews County,259949
VA,Mecklenburg County,117803
VA,Middlesex County,273253
VA,Montgomery County,233447
VA,Nelson County,244807
VA,New Kent County,290873
VA,Northampton County,266662
VA,Northumberland County,321547
VA,Nottoway County,113889
VA,Orange County,258573
VA,Page County,175358
VA,Patrick County,118273
VA,Pittsylvania County,143903
VA,Powhatan County,316923
VA,Prince Edward County,173474
VA,Prince George County,231689
VA,Prince William County,448281
VA,Pulaski County,158566
VA,Rappahannock County,405408
VA,Richmond County,157964
VA,Roanoke County,225911
VA,Rockbridge County,215474
VA,Rockingham County,236242
VA,Russell County,100640
VA,Scott County,89683
VA,Shenandoah County,210200
VA,Smyth County,94733
VA,Southampton County,164920
VA,Spotsylvania County,331457
VA,Stafford County,407146
VA,Surry County,183431
VA,Sussex County,117812
VA,Tazewell County,94437
VA,Warren County,273248
VA,Washington County,164151
VA,Westmoreland County,219703
VA,Wise County,82250
VA,Wythe County,145715
VA,York County,319018
VA,Alexandria city,623753
VA,Bedford city,224877
VA,Bristol city,107132
VA,Buena Vista city,105037
VA,Charlottesville city,332980
VA,Chesapeake city,305583
VA,Colonial Heights city,176227
VA,Covington city,57666
VA,Danville city,67834
VA,Emporia city,98640
VA,Fairfax city,587449
VA,Falls Church city,890067
VA,Franklin city,130117
VA,Fredericksburg city,346908
VA,Galax city,108379
VA,Hampton city,199304
VA,Harrisonburg city,216512
VA,Hopewell city,126190
VA,Lexington city,217549
VA,Lynchburg city,163700
VA,Manassas city,372997
VA,Manassas Park city,314571
VA,Martinsville city,59995
VA,Newport News city,208840
VA,Norfolk city,228944
VA,Norton city,84424
VA,Petersburg city,78485
VA,Poquoson city,353825
VA,Portsmouth city,195454
VA,Radford city,176645
VA,Richmond city,267648
VA,Roanoke city,148665
VA,Salem city,187108
VA,Staunton city,171467
VA,Suffolk city,271830
VA,Virginia Beach city,314504
VA,Waynesboro city,176733
VA,Williamsburg city,307476
VA,Winchester city,229144
VT,Addison County,282041
VT,Bennington County,246698
VT,Caledonia County,172791
VT,Chittenden County,356012
VT,Essex County,129998
VT,Franklin County,239334
VT,Grand Isle County,279937
VT,Lamoille County,294479
VT,Orange County,208693
VT,Orleans County,174431
VT,Rutland County,196884
VT,Washington County,256004
VT,Windham County,244177
VT,Windsor County,285526
WA,Adams County,211127
WA,Asotin County,242876
WA,Benton County,341821
WA,Chelan County,404891
WA,Clallam County,349947
WA,Clark County,434534
WA,Columbia County,182150
WA,Cowlitz County,331127
WA,Douglas County,381633
WA,Ferry County,211483
WA,Franklin County,310816
WA,Garfield County,159349
WA,Grant County,248453
WA,Grays Harbor County,249906
WA,Island County,494682
WA,Jefferson County,428797
WA,King County,723063
WA,Kitsap County,461133
WA,Kittitas County,420435
WA,Klickitat County,340242
WA,Lewis County,303098
WA,Lincoln County,233389
WA,Mason County,355990
WA,Okanogan County,253379
WA,Pacific County,217255
WA,Pend Oreille County,250179
WA,Pierce County,451247
WA,San Juan County,658583
WA,Skagit County,444708
WA,Skamania County,381270
WA,Snohomish County,567444
WA,Spokane County,336688
WA,Stevens County,283608
WA,Thurston County,409125
WA,Wahkiakum County,283735
WA,Walla Walla County,297889
WA,Whatcom County,483579
WA,Whitman County,299752
WA,Yakima County,265890
WI,Adams County,148194
WI,Ashland County,117040
WI,Barron County,178388
WI,Bayfield County,194458
WI,Brown County,211019
WI,Buffalo County,148119
WI,Burnett County,182124
WI,Calumet County,160472
WI,Chippewa County,200637
WI,Clark County,122407
WI,Columbia County,231477
WI,Crawford County,133828
WI,Dane County,323474
WI,Dodge County,188846
WI,Door County,243984
WI,Douglas County,154803
WI,Dunn County,186167
WI,Eau Claire County,214871
WI,Florence County,161809
WI,Fond du Lac County,155527
WI,Forest County,143160
WI,Grant County,144135
WI,Green County,184877
WI,Green Lake County,157178
WI,Iowa County,182894
WI,Iron County,139076
WI,Jackson County,145536
WI,Jefferson County,241243
WI,Juneau County,132435
WI,Kenosha County,222462
WI,Kewaunee County,161258
WI,La Crosse County,203608
WI,Lafayette County,130436
WI,Langlade County,117060
WI,Lincoln County,135505
WI,Manitowoc County,138533
WI,Marathon County,185907
WI,Marinette County,121081
WI,Marquette County,151930
WI,Menominee County,261046
WI,Milwaukee County,174796
WI,Monroe County,173793
WI,Oconto County,165130
WI,Oneida County,201029
WI,Outagamie County,217000
WI,Ozaukee County,326445
WI,Pepin County,147556
WI,Pierce County,239638
WI,Polk County,206605
WI,Portage County,192979
WI,Price County,116938
WI,Racine County,181375
WI,Richland County,143693
WI,Rock County,179591
WI,Rusk County,114816
WI,St. Croix County,300760
WI,Sauk County,218860
WI,Sawyer County,228342
WI,Shawano County,144172
WI,Sheboygan County,176031
WI,Taylor County,140210
WI,Trempealeau County,166582
WI,Vernon County,165588
WI,Vilas County,223243
WI,Walworth County,262686
WI,Washburn County,175557
WI,Washington County,283897
WI,Waukesha County,325184
WI,Waupaca County,159327
WI,Waushara County,156841
WI,Winnebago County,172185
WI,Wood County,136675
WV,Barbour County,71526
WV,Berkeley County,218290
WV,Boone County,63557
WV,Braxton County,81243
WV,Brooke County,89408
WV,Cabell County,108566
WV,Calhoun County,65218
WV,Clay County,93681
WV,Doddridge County,73032
WV,Fayette County,77174
WV,Gilmer County,67768
WV,Grant County,118879
WV,Greenbrier County,120541
WV,Hampshire County,152895
WV,Hancock County,93663
WV,Hardy County,121147
WV,Harrison County,109257
WV,Jackson County,118888
WV,Jefferson County,266962
WV,Kanawha County,103438
WV,Lewis County,84789
WV,Lincoln County,79263
WV,Logan County,69881
WV,McDowell County,113578
WV,Marion County,112741
WV,Marshall County,88271
WV,Mason County,87408
WV,Mercer County,75983
WV,Mineral County,122211
WV,Mingo County,113578
WV,Monongalia County,202846
WV,Monroe County,98730
WV,Morgan County,162114
WV,Nicholas County,70002
WV,Ohio County,113160
WV,Pendleton County,103742
WV,Pleasants County,108230
WV,Pocahontas County,89977
WV,Preston County,119041
WV,Putnam County,171888
WV,Raleigh County,92904
WV,Randolph County,93707
WV,Ritchie County,70815
WV,Roane County,87739
WV,Summers County,68290
WV,Taylor County,108840
WV,Tucker County,109438
WV,Tyler County,72774
WV,Upshur County,106687
WV,Wayne County,89619
WV,Webster County,113578
WV,Wetzel County,74884
WV,Wirt County,69178
WV,Wood County,123777
WV,Wyoming County,35809
WY,Albany County,262248
WY,Big Horn County,177428
WY,Campbell County,278049
WY,Carbon County,181575
WY,Converse County,242744
WY,Crook County,278774
WY,Fremont County,225646
WY,Goshen County,181125
WY,Hot Springs County,170364
WY,Johnson County,281033
WY,Laramie County,299586
WY,Lincoln County,263166
WY,Natrona County,226368
WY,Niobrara County,263166
WY,Park County,302368
WY,Platte County,211997
WY,Sheridan County,294633
WY,Sublette County,291329
WY,Sweetwater County,243474
WY,Teton County,941714
WY,Uinta County,213251
WY,Washakie County,187124
WY,Weston County,191345
